Time,Temp,A1,A2,A3,A4,A5,A6,A7,A8,A9,A10,A11,A12,B1,B2,B3,B4,B5,B6,B7,B8,B9,B10,B11,B12,C1,C2,C3,C4,C5,C6,C7,C8,C9,C10,C11,C12,D1,D2,D3,D4,D5,D6,D7,D8,D9,D10,D11,D12,E1,E2,E3,E4,E5,E6,E7,E8,E9,E10,E11,E12,F1,F2,F3,F4,F5,F6,F7,F8,F9,F10,F11,F12,G1,G2,G3,G4,G5,G6,G7,G8,G9,G10,G11,G12,H1,H2,H3,H4,H5,H6,H7,H8,H9,H10,H11,H12
0,36.5,0.074,0.075,0.074,0.075,0.076,0.075,0.075,0.075,0.075,0.075,0.075,0.075,0.074,0.133,0.115,0.117,0.128,0.126,0.128,0.124,0.093,0.135,0.098,0.079,0.073,0.116,0.106,0.106,0.127,0.127,0.118,0.098,0.096,0.129,0.116,0.074,0.077,0.127,0.101,0.109,0.115,0.106,0.124,0.127,0.117,0.121,0.102,0.08,0.074,0.11,0.112,0.106,0.129,0.104,0.103,0.116,0.117,0.112,0.116,0.075,0.075,0.112,0.119,0.099,0.107,0.101,0.119,0.113,0.103,0.122,0.093,0.081,0.076,0.117,0.111,0.097,0.103,0.115,0.124,0.115,0.095,0.123,0.095,0.075,0.076,0.078,0.076,0.078,0.077,0.076,0.076,0.076,0.076,0.075,0.079,0.076
555,36.8,0.075,0.075,0.075,0.075,0.076,0.075,0.075,0.075,0.075,0.075,0.075,0.079,0.08,0.134,0.124,0.136,0.148,0.159,0.158,0.15,0.101,0.185,0.109,0.078,0.076,0.138,0.124,0.121,0.154,0.166,0.139,0.107,0.105,0.152,0.126,0.075,0.076,0.138,0.112,0.122,0.12,0.123,0.143,0.142,0.127,0.134,0.131,0.078,0.074,0.13,0.133,0.127,0.128,0.119,0.11,0.132,0.129,0.137,0.128,0.075,0.075,0.13,0.127,0.114,0.128,0.108,0.143,0.128,0.11,0.137,0.099,0.078,0.076,0.127,0.116,0.111,0.111,0.15,0.141,0.128,0.101,0.144,0.103,0.074,0.075,0.077,0.075,0.078,0.077,0.076,0.076,0.076,0.076,0.074,0.083,0.076
1110,36.9,0.075,0.076,0.075,0.075,0.077,0.075,0.076,0.076,0.075,0.076,0.076,0.079,0.078,0.14,0.128,0.135,0.147,0.155,0.15,0.143,0.115,0.178,0.135,0.079,0.076,0.129,0.123,0.124,0.143,0.162,0.142,0.116,0.112,0.154,0.164,0.078,0.077,0.148,0.115,0.129,0.128,0.134,0.151,0.161,0.141,0.148,0.141,0.088,0.075,0.122,0.128,0.121,0.129,0.127,0.116,0.137,0.136,0.17,0.137,0.076,0.075,0.133,0.13,0.111,0.122,0.114,0.135,0.133,0.114,0.149,0.106,0.079,0.076,0.131,0.116,0.108,0.111,0.143,0.143,0.155,0.124,0.143,0.111,0.075,0.076,0.077,0.075,0.078,0.077,0.077,0.077,0.076,0.076,0.074,0.092,0.076
1665,36.8,0.075,0.078,0.078,0.078,0.079,0.077,0.077,0.078,0.076,0.076,0.076,0.082,0.078,0.146,0.131,0.137,0.151,0.159,0.153,0.149,0.123,0.191,0.134,0.084,0.077,0.142,0.131,0.129,0.159,0.176,0.151,0.122,0.116,0.175,0.179,0.078,0.077,0.149,0.114,0.13,0.129,0.133,0.151,0.158,0.135,0.15,0.134,0.09,0.077,0.126,0.13,0.125,0.132,0.143,0.121,0.164,0.17,0.159,0.173,0.08,0.076,0.135,0.137,0.113,0.124,0.122,0.136,0.146,0.122,0.144,0.112,0.083,0.079,0.134,0.12,0.112,0.114,0.146,0.157,0.151,0.12,0.155,0.127,0.081,0.077,0.079,0.076,0.078,0.079,0.077,0.077,0.076,0.077,0.076,0.088,0.079
2220,36.9,0.075,0.082,0.083,0.082,0.081,0.077,0.077,0.077,0.076,0.076,0.077,0.083,0.077,0.151,0.135,0.142,0.155,0.156,0.156,0.149,0.113,0.183,0.123,0.083,0.077,0.14,0.13,0.129,0.155,0.169,0.154,0.123,0.121,0.173,0.165,0.084,0.077,0.154,0.117,0.136,0.134,0.131,0.155,0.154,0.143,0.143,0.137,0.085,0.076,0.13,0.13,0.128,0.134,0.145,0.125,0.174,0.173,0.16,0.184,0.087,0.076,0.14,0.142,0.115,0.126,0.131,0.142,0.154,0.125,0.153,0.117,0.079,0.08,0.136,0.121,0.113,0.116,0.156,0.157,0.162,0.127,0.156,0.126,0.084,0.078,0.082,0.081,0.084,0.083,0.083,0.084,0.079,0.081,0.077,0.092,0.08
2776,36.9,0.075,0.08,0.082,0.08,0.082,0.079,0.078,0.078,0.076,0.077,0.077,0.08,0.077,0.155,0.138,0.147,0.161,0.158,0.157,0.151,0.118,0.186,0.129,0.102,0.082,0.145,0.135,0.136,0.159,0.17,0.153,0.131,0.128,0.186,0.174,0.09,0.077,0.159,0.118,0.138,0.136,0.131,0.157,0.16,0.144,0.151,0.146,0.089,0.089,0.134,0.133,0.132,0.137,0.159,0.161,0.176,0.172,0.173,0.172,0.091,0.077,0.145,0.145,0.119,0.131,0.132,0.146,0.151,0.125,0.158,0.12,0.086,0.079,0.142,0.126,0.117,0.118,0.163,0.172,0.179,0.142,0.169,0.13,0.105,0.086,0.085,0.088,0.086,0.084,0.081,0.081,0.078,0.078,0.079,0.097,0.079
3331,36.9,0.076,0.086,0.086,0.083,0.086,0.082,0.079,0.079,0.077,0.077,0.078,0.081,0.089,0.161,0.142,0.151,0.167,0.171,0.169,0.164,0.124,0.201,0.143,0.096,0.084,0.147,0.131,0.142,0.165,0.182,0.161,0.148,0.147,0.207,0.202,0.087,0.078,0.165,0.119,0.141,0.14,0.135,0.16,0.174,0.146,0.163,0.148,0.088,0.081,0.138,0.136,0.136,0.138,0.159,0.162,0.18,0.172,0.166,0.17,0.091,0.079,0.151,0.147,0.123,0.134,0.137,0.148,0.162,0.129,0.158,0.113,0.091,0.078,0.146,0.127,0.116,0.118,0.162,0.164,0.162,0.127,0.164,0.127,0.101,0.08,0.083,0.079,0.081,0.087,0.083,0.085,0.079,0.078,0.079,0.1,0.079
3886,36.9,0.086,0.088,0.091,0.09,0.095,0.092,0.084,0.082,0.08,0.079,0.079,0.086,0.078,0.164,0.144,0.156,0.172,0.167,0.165,0.164,0.122,0.206,0.138,0.095,0.09,0.151,0.134,0.143,0.169,0.176,0.161,0.134,0.13,0.192,0.178,0.085,0.078,0.171,0.122,0.146,0.145,0.137,0.157,0.164,0.146,0.153,0.137,0.088,0.081,0.141,0.139,0.139,0.141,0.153,0.144,0.176,0.164,0.161,0.158,0.124,0.087,0.157,0.15,0.124,0.141,0.137,0.152,0.16,0.133,0.171,0.115,0.097,0.079,0.15,0.131,0.118,0.121,0.164,0.175,0.175,0.133,0.165,0.127,0.101,0.079,0.085,0.081,0.088,0.101,0.092,0.093,0.08,0.08,0.085,0.096,0.091
4441,36.9,0.079,0.083,0.081,0.081,0.083,0.085,0.08,0.08,0.081,0.079,0.079,0.082,0.08,0.169,0.147,0.16,0.181,0.171,0.168,0.162,0.123,0.209,0.133,0.095,0.094,0.155,0.136,0.144,0.174,0.179,0.162,0.132,0.127,0.189,0.179,0.101,0.083,0.176,0.124,0.15,0.149,0.138,0.162,0.169,0.151,0.158,0.148,0.096,0.09,0.145,0.14,0.143,0.143,0.166,0.161,0.187,0.176,0.174,0.169,0.143,0.086,0.158,0.151,0.125,0.139,0.14,0.153,0.161,0.13,0.16,0.118,0.116,0.084,0.154,0.132,0.119,0.122,0.167,0.168,0.177,0.133,0.167,0.13,0.097,0.078,0.084,0.079,0.084,0.086,0.085,0.085,0.079,0.079,0.084,0.09,0.088
4996,36.8,0.078,0.086,0.084,0.082,0.085,0.087,0.081,0.081,0.081,0.08,0.08,0.086,0.094,0.174,0.15,0.166,0.183,0.178,0.176,0.175,0.129,0.223,0.146,0.115,0.126,0.16,0.138,0.151,0.179,0.186,0.165,0.157,0.153,0.219,0.205,0.11,0.087,0.179,0.126,0.154,0.152,0.141,0.166,0.178,0.153,0.163,0.148,0.104,0.086,0.15,0.142,0.147,0.143,0.169,0.161,0.192,0.177,0.173,0.169,0.111,0.088,0.164,0.154,0.127,0.141,0.146,0.155,0.171,0.133,0.158,0.12,0.105,0.085,0.159,0.134,0.122,0.124,0.176,0.176,0.172,0.134,0.173,0.139,0.109,0.079,0.093,0.091,0.089,0.091,0.096,0.095,0.082,0.081,0.083,0.091,0.082
5552,36.8,0.075,0.083,0.086,0.086,0.089,0.085,0.082,0.079,0.079,0.08,0.08,0.085,0.092,0.177,0.152,0.169,0.188,0.179,0.177,0.175,0.128,0.224,0.144,0.12,0.121,0.163,0.14,0.15,0.182,0.186,0.168,0.152,0.147,0.214,0.195,0.119,0.092,0.184,0.127,0.155,0.153,0.141,0.167,0.18,0.159,0.166,0.151,0.11,0.09,0.153,0.144,0.15,0.146,0.17,0.159,0.198,0.18,0.175,0.172,0.107,0.09,0.169,0.157,0.129,0.144,0.147,0.157,0.172,0.135,0.159,0.12,0.107,0.089,0.163,0.136,0.123,0.126,0.177,0.174,0.173,0.132,0.171,0.133,0.108,0.078,0.082,0.078,0.083,0.09,0.088,0.093,0.079,0.079,0.081,0.089,0.08
6107,37.1,0.075,0.084,0.082,0.081,0.084,0.088,0.085,0.083,0.082,0.083,0.082,0.089,0.092,0.182,0.156,0.173,0.194,0.179,0.176,0.176,0.127,0.225,0.141,0.109,0.106,0.167,0.142,0.153,0.187,0.19,0.17,0.146,0.14,0.207,0.189,0.107,0.098,0.187,0.129,0.161,0.159,0.143,0.168,0.179,0.157,0.166,0.148,0.105,0.093,0.156,0.147,0.153,0.148,0.17,0.157,0.193,0.177,0.171,0.167,0.101,0.092,0.172,0.158,0.13,0.147,0.144,0.16,0.169,0.133,0.159,0.118,0.106,0.09,0.167,0.138,0.124,0.128,0.176,0.173,0.174,0.132,0.17,0.13,0.106,0.076,0.081,0.077,0.082,0.088,0.085,0.088,0.079,0.079,0.083,0.087,0.086
6663,36.9,0.075,0.084,0.087,0.087,0.088,0.087,0.083,0.08,0.079,0.08,0.08,0.092,0.093,0.183,0.156,0.175,0.196,0.176,0.173,0.172,0.126,0.222,0.141,0.106,0.095,0.172,0.145,0.155,0.192,0.187,0.173,0.141,0.135,0.204,0.19,0.102,0.095,0.189,0.13,0.161,0.162,0.145,0.167,0.179,0.162,0.171,0.152,0.107,0.095,0.16,0.148,0.155,0.151,0.183,0.157,0.207,0.19,0.179,0.179,0.102,0.096,0.178,0.163,0.133,0.149,0.155,0.161,0.179,0.141,0.17,0.125,0.117,0.094,0.173,0.141,0.126,0.131,0.192,0.189,0.187,0.143,0.183,0.145,0.124,0.076,0.09,0.078,0.082,0.1,0.102,0.103,0.082,0.083,0.086,0.091,0.079
7218,36.8,0.074,0.088,0.085,0.085,0.09,0.095,0.093,0.091,0.093,0.085,0.089,0.108,0.094,0.185,0.156,0.176,0.203,0.181,0.179,0.173,0.131,0.227,0.145,0.114,0.098,0.174,0.145,0.157,0.194,0.191,0.176,0.14,0.133,0.201,0.189,0.11,0.097,0.194,0.132,0.162,0.165,0.148,0.171,0.186,0.16,0.178,0.153,0.112,0.096,0.164,0.152,0.158,0.155,0.176,0.155,0.203,0.185,0.182,0.176,0.125,0.101,0.183,0.165,0.136,0.152,0.16,0.167,0.179,0.144,0.178,0.127,0.114,0.094,0.176,0.142,0.125,0.131,0.182,0.176,0.183,0.137,0.172,0.134,0.115,0.075,0.087,0.078,0.081,0.106,0.107,0.107,0.085,0.086,0.089,0.088,0.083
7773,36.8,0.074,0.096,0.088,0.085,0.085,0.084,0.081,0.084,0.085,0.085,0.09,0.088,0.096,0.191,0.16,0.179,0.209,0.182,0.183,0.176,0.134,0.232,0.15,0.119,0.109,0.177,0.146,0.159,0.198,0.21,0.181,0.141,0.134,0.201,0.197,0.114,0.099,0.198,0.134,0.164,0.168,0.149,0.178,0.19,0.171,0.179,0.167,0.115,0.097,0.165,0.152,0.158,0.154,0.184,0.157,0.2,0.183,0.176,0.171,0.109,0.099,0.185,0.165,0.134,0.152,0.155,0.167,0.173,0.137,0.17,0.123,0.109,0.094,0.179,0.143,0.127,0.132,0.183,0.173,0.175,0.128,0.167,0.126,0.101,0.076,0.082,0.077,0.08,0.086,0.088,0.088,0.08,0.081,0.084,0.085,0.089
8328,36.9,0.074,0.085,0.081,0.081,0.082,0.081,0.079,0.081,0.081,0.083,0.086,0.086,0.097,0.196,0.163,0.181,0.215,0.187,0.187,0.176,0.134,0.235,0.149,0.116,0.103,0.179,0.148,0.16,0.201,0.209,0.186,0.141,0.136,0.202,0.202,0.118,0.099,0.202,0.135,0.165,0.171,0.15,0.178,0.193,0.174,0.184,0.168,0.116,0.098,0.169,0.155,0.16,0.157,0.191,0.158,0.201,0.189,0.181,0.177,0.112,0.1,0.188,0.168,0.135,0.153,0.159,0.171,0.177,0.14,0.175,0.125,0.112,0.095,0.184,0.144,0.127,0.134,0.187,0.173,0.172,0.129,0.167,0.128,0.104,0.075,0.079,0.076,0.079,0.084,0.082,0.083,0.081,0.082,0.085,0.086,0.08
8884,36.9,0.075,0.089,0.087,0.084,0.085,0.086,0.083,0.089,0.093,0.092,0.1,0.092,0.098,0.199,0.164,0.181,0.217,0.193,0.191,0.184,0.138,0.243,0.152,0.123,0.106,0.184,0.149,0.16,0.205,0.202,0.182,0.148,0.138,0.209,0.193,0.11,0.1,0.205,0.136,0.164,0.173,0.153,0.176,0.192,0.165,0.189,0.147,0.102,0.098,0.174,0.155,0.161,0.158,0.186,0.161,0.192,0.194,0.186,0.178,0.124,0.1,0.192,0.167,0.134,0.155,0.162,0.169,0.174,0.14,0.168,0.127,0.103,0.096,0.187,0.145,0.127,0.134,0.191,0.178,0.173,0.133,0.174,0.132,0.111,0.076,0.08,0.076,0.078,0.089,0.089,0.089,0.08,0.081,0.084,0.085,0.087
9439,36.8,0.074,0.099,0.09,0.086,0.087,0.089,0.084,0.08,0.08,0.094,0.087,0.086,0.099,0.204,0.166,0.181,0.223,0.191,0.19,0.18,0.136,0.244,0.15,0.123,0.1,0.186,0.15,0.159,0.209,0.212,0.189,0.143,0.137,0.207,0.195,0.117,0.101,0.211,0.138,0.165,0.178,0.154,0.179,0.193,0.175,0.191,0.147,0.107,0.099,0.176,0.157,0.16,0.16,0.198,0.164,0.192,0.197,0.185,0.182,0.132,0.1,0.196,0.169,0.134,0.156,0.163,0.172,0.174,0.14,0.177,0.126,0.115,0.096,0.191,0.147,0.127,0.136,0.194,0.176,0.171,0.132,0.169,0.13,0.104,0.076,0.079,0.075,0.078,0.085,0.082,0.083,0.081,0.082,0.086,0.089,0.091
9994,37.0,0.075,0.106,0.096,0.089,0.09,0.096,0.088,0.08,0.079,0.091,0.084,0.088,0.099,0.206,0.167,0.181,0.226,0.19,0.188,0.181,0.135,0.247,0.147,0.121,0.108,0.191,0.152,0.159,0.214,0.203,0.185,0.141,0.146,0.223,0.202,0.109,0.099,0.215,0.138,0.164,0.18,0.153,0.18,0.192,0.174,0.188,0.139,0.107,0.099,0.181,0.157,0.159,0.158,0.195,0.162,0.191,0.192,0.185,0.178,0.116,0.1,0.201,0.17,0.134,0.158,0.169,0.171,0.173,0.144,0.171,0.129,0.107,0.097,0.195,0.147,0.127,0.136,0.202,0.186,0.171,0.139,0.183,0.137,0.13,0.076,0.082,0.076,0.079,0.083,0.084,0.084,0.088,0.091,0.098,0.086,0.083
10549,37.0,0.075,0.111,0.103,0.091,0.092,0.097,0.088,0.08,0.08,0.091,0.085,0.091,0.099,0.209,0.168,0.18,0.23,0.187,0.187,0.181,0.133,0.245,0.147,0.113,0.104,0.194,0.152,0.158,0.217,0.201,0.184,0.14,0.158,0.24,0.198,0.11,0.1,0.218,0.139,0.163,0.184,0.152,0.18,0.19,0.173,0.188,0.138,0.112,0.099,0.184,0.159,0.159,0.159,0.195,0.166,0.188,0.189,0.187,0.179,0.111,0.099,0.209,0.174,0.134,0.161,0.177,0.169,0.173,0.148,0.179,0.132,0.106,0.099,0.201,0.15,0.127,0.138,0.217,0.2,0.171,0.149,0.199,0.15,0.158,0.076,0.084,0.076,0.079,0.088,0.089,0.088,0.093,0.096,0.108,0.087,0.084
11105,36.8,0.075,0.1,0.089,0.086,0.087,0.092,0.087,0.082,0.082,0.099,0.086,0.086,0.1,0.211,0.168,0.179,0.236,0.19,0.19,0.18,0.139,0.25,0.147,0.128,0.103,0.198,0.153,0.157,0.222,0.209,0.186,0.142,0.14,0.216,0.197,0.114,0.099,0.223,0.14,0.163,0.188,0.155,0.183,0.19,0.182,0.198,0.137,0.11,0.1,0.187,0.16,0.159,0.164,0.214,0.171,0.191,0.209,0.194,0.19,0.13,0.099,0.212,0.173,0.134,0.161,0.174,0.177,0.173,0.146,0.185,0.131,0.113,0.097,0.205,0.149,0.127,0.139,0.208,0.183,0.172,0.136,0.174,0.133,0.108,0.076,0.08,0.076,0.078,0.084,0.082,0.083,0.085,0.088,0.093,0.089,0.082
11660,36.9,0.075,0.095,0.088,0.085,0.086,0.09,0.085,0.084,0.085,0.104,0.089,0.088,0.099,0.218,0.171,0.179,0.24,0.191,0.189,0.181,0.138,0.254,0.147,0.119,0.111,0.203,0.154,0.157,0.226,0.199,0.185,0.14,0.147,0.228,0.198,0.112,0.1,0.227,0.141,0.162,0.191,0.156,0.181,0.191,0.173,0.201,0.137,0.113,0.099,0.193,0.16,0.158,0.163,0.203,0.167,0.191,0.206,0.204,0.195,0.122,0.101,0.218,0.174,0.134,0.163,0.176,0.173,0.172,0.145,0.173,0.13,0.103,0.098,0.211,0.15,0.127,0.14,0.219,0.197,0.172,0.147,0.196,0.146,0.155,0.077,0.082,0.076,0.079,0.087,0.077,0.099,0.086,0.086,0.096,0.088,0.082
12215,36.9,0.075,0.087,0.084,0.082,0.084,0.086,0.082,0.08,0.079,0.091,0.083,0.088,0.099,0.221,0.171,0.179,0.245,0.189,0.187,0.181,0.135,0.25,0.147,0.113,0.112,0.207,0.155,0.156,0.231,0.2,0.184,0.139,0.142,0.227,0.199,0.117,0.1,0.23,0.141,0.162,0.194,0.157,0.18,0.192,0.174,0.201,0.138,0.114,0.1,0.197,0.161,0.158,0.165,0.208,0.175,0.192,0.207,0.198,0.192,0.127,0.1,0.223,0.176,0.134,0.164,0.189,0.173,0.172,0.153,0.186,0.137,0.102,0.099,0.217,0.152,0.127,0.142,0.227,0.2,0.173,0.152,0.198,0.153,0.158,0.08,0.1,0.077,0.08,0.086,0.077,0.1,0.094,0.093,0.108,0.092,0.084
12770,37.1,0.074,0.1,0.099,0.091,0.092,0.103,0.092,0.081,0.08,0.089,0.087,0.088,0.099,0.226,0.172,0.179,0.25,0.19,0.188,0.18,0.135,0.251,0.148,0.114,0.118,0.211,0.155,0.156,0.235,0.201,0.186,0.139,0.145,0.232,0.2,0.113,0.1,0.236,0.142,0.162,0.198,0.157,0.182,0.192,0.176,0.205,0.138,0.111,0.1,0.2,0.161,0.157,0.164,0.207,0.174,0.191,0.203,0.197,0.191,0.13,0.099,0.229,0.175,0.133,0.165,0.184,0.17,0.172,0.149,0.179,0.132,0.105,0.1,0.224,0.154,0.127,0.143,0.238,0.206,0.174,0.155,0.205,0.154,0.164,0.077,0.084,0.076,0.079,0.078,0.076,0.096,0.095,0.097,0.109,0.088,0.081
13325,36.8,0.075,0.098,0.113,0.108,0.111,0.112,0.11,0.086,0.086,0.086,0.097,0.085,0.101,0.231,0.174,0.179,0.258,0.195,0.194,0.181,0.141,0.263,0.149,0.127,0.108,0.215,0.156,0.156,0.241,0.21,0.188,0.14,0.153,0.24,0.201,0.113,0.099,0.243,0.143,0.162,0.203,0.156,0.184,0.193,0.183,0.206,0.138,0.117,0.1,0.205,0.162,0.157,0.164,0.214,0.172,0.19,0.201,0.193,0.184,0.122,0.1,0.233,0.174,0.132,0.164,0.187,0.177,0.171,0.147,0.178,0.132,0.108,0.097,0.227,0.151,0.126,0.141,0.221,0.187,0.173,0.139,0.182,0.138,0.116,0.076,0.081,0.076,0.079,0.077,0.076,0.096,0.08,0.081,0.088,0.087,0.083
13880,36.8,0.075,0.101,0.101,0.094,0.097,0.103,0.102,0.083,0.082,0.09,0.092,0.087,0.101,0.235,0.174,0.178,0.263,0.193,0.192,0.181,0.142,0.263,0.149,0.124,0.111,0.219,0.155,0.155,0.244,0.203,0.184,0.139,0.148,0.236,0.201,0.116,0.1,0.246,0.143,0.161,0.207,0.156,0.183,0.191,0.182,0.211,0.137,0.116,0.1,0.21,0.163,0.157,0.167,0.214,0.17,0.189,0.201,0.191,0.184,0.118,0.1,0.24,0.175,0.132,0.165,0.189,0.177,0.171,0.147,0.176,0.132,0.111,0.097,0.235,0.151,0.126,0.142,0.226,0.187,0.173,0.14,0.183,0.139,0.116,0.077,0.081,0.076,0.079,0.077,0.076,0.104,0.082,0.083,0.093,0.087,0.082
14435,36.8,0.075,0.112,0.113,0.104,0.105,0.116,0.113,0.085,0.085,0.09,0.097,0.089,0.102,0.243,0.178,0.177,0.269,0.195,0.196,0.18,0.143,0.269,0.149,0.132,0.111,0.227,0.159,0.156,0.252,0.21,0.188,0.139,0.165,0.254,0.203,0.12,0.1,0.253,0.145,0.161,0.212,0.155,0.183,0.193,0.18,0.209,0.139,0.12,0.1,0.215,0.162,0.156,0.167,0.215,0.163,0.189,0.202,0.195,0.187,0.125,0.1,0.248,0.175,0.132,0.167,0.189,0.178,0.171,0.146,0.175,0.132,0.115,0.098,0.241,0.152,0.127,0.144,0.235,0.195,0.174,0.147,0.192,0.144,0.123,0.076,0.082,0.076,0.078,0.077,0.076,0.078,0.08,0.081,0.086,0.087,0.081
14991,37.0,0.074,0.085,0.093,0.096,0.101,0.086,0.084,0.087,0.089,0.087,0.091,0.095,0.101,0.247,0.176,0.177,0.275,0.194,0.193,0.18,0.143,0.268,0.149,0.124,0.104,0.23,0.158,0.154,0.256,0.209,0.19,0.139,0.144,0.236,0.206,0.133,0.1,0.26,0.145,0.161,0.217,0.157,0.184,0.193,0.186,0.217,0.139,0.119,0.1,0.222,0.163,0.156,0.169,0.229,0.168,0.19,0.211,0.194,0.19,0.128,0.1,0.255,0.176,0.131,0.168,0.195,0.176,0.17,0.15,0.18,0.134,0.109,0.098,0.249,0.153,0.126,0.144,0.233,0.187,0.174,0.14,0.181,0.137,0.122,0.076,0.081,0.075,0.078,0.077,0.076,0.078,0.082,0.083,0.093,0.088,0.081
15546,36.8,0.074,0.086,0.092,0.095,0.1,0.087,0.083,0.088,0.089,0.089,0.087,0.099,0.102,0.256,0.179,0.177,0.282,0.195,0.194,0.181,0.143,0.271,0.149,0.122,0.103,0.235,0.158,0.154,0.261,0.208,0.19,0.138,0.145,0.239,0.207,0.13,0.1,0.266,0.146,0.161,0.222,0.158,0.184,0.193,0.182,0.224,0.14,0.123,0.1,0.228,0.164,0.155,0.171,0.224,0.163,0.191,0.208,0.191,0.19,0.125,0.1,0.263,0.177,0.131,0.169,0.199,0.176,0.169,0.152,0.181,0.135,0.113,0.098,0.257,0.153,0.126,0.145,0.236,0.187,0.174,0.139,0.181,0.137,0.124,0.076,0.081,0.075,0.078,0.077,0.077,0.08,0.084,0.085,0.097,0.088,0.081
16101,37.0,0.074,0.089,0.097,0.096,0.098,0.084,0.082,0.086,0.086,0.09,0.084,0.107,0.101,0.258,0.178,0.175,0.289,0.194,0.192,0.179,0.141,0.271,0.148,0.118,0.104,0.243,0.16,0.153,0.269,0.212,0.191,0.138,0.146,0.241,0.208,0.132,0.101,0.272,0.148,0.16,0.228,0.156,0.181,0.192,0.184,0.223,0.138,0.122,0.1,0.235,0.164,0.154,0.173,0.226,0.16,0.19,0.21,0.191,0.193,0.132,0.099,0.268,0.175,0.13,0.169,0.201,0.177,0.169,0.152,0.18,0.135,0.116,0.098,0.265,0.153,0.125,0.145,0.241,0.19,0.173,0.145,0.188,0.142,0.132,0.076,0.084,0.076,0.079,0.077,0.076,0.079,0.085,0.086,0.097,0.088,0.086
16656,36.9,0.075,0.09,0.091,0.094,0.101,0.091,0.089,0.09,0.089,0.092,0.095,0.104,0.101,0.263,0.178,0.175,0.292,0.189,0.186,0.177,0.138,0.267,0.148,0.113,0.104,0.248,0.16,0.152,0.273,0.2,0.186,0.137,0.146,0.245,0.208,0.129,0.1,0.277,0.147,0.159,0.233,0.156,0.182,0.193,0.177,0.22,0.139,0.121,0.1,0.242,0.164,0.154,0.17,0.221,0.155,0.188,0.201,0.188,0.191,0.123,0.1,0.277,0.176,0.13,0.169,0.214,0.175,0.168,0.156,0.177,0.137,0.113,0.098,0.276,0.154,0.125,0.145,0.252,0.197,0.173,0.153,0.195,0.15,0.147,0.076,0.083,0.077,0.08,0.077,0.077,0.079,0.086,0.087,0.098,0.088,0.087
17211,37.0,0.075,0.09,0.097,0.102,0.108,0.089,0.086,0.092,0.096,0.096,0.089,0.1,0.102,0.274,0.181,0.175,0.302,0.194,0.191,0.179,0.142,0.274,0.15,0.126,0.105,0.255,0.16,0.152,0.281,0.209,0.188,0.137,0.149,0.248,0.21,0.134,0.1,0.285,0.147,0.159,0.241,0.157,0.186,0.193,0.184,0.222,0.139,0.121,0.1,0.25,0.164,0.153,0.169,0.223,0.152,0.188,0.199,0.186,0.185,0.123,0.101,0.288,0.179,0.13,0.172,0.209,0.176,0.168,0.15,0.178,0.134,0.122,0.098,0.284,0.155,0.125,0.147,0.252,0.192,0.172,0.146,0.189,0.144,0.125,0.077,0.08,0.075,0.078,0.076,0.076,0.077,0.081,0.081,0.085,0.088,0.08
17767,37.0,0.074,0.1,0.092,0.095,0.104,0.09,0.086,0.1,0.102,0.106,0.092,0.102,0.101,0.281,0.181,0.174,0.31,0.193,0.19,0.179,0.142,0.275,0.15,0.124,0.102,0.264,0.162,0.152,0.29,0.203,0.185,0.136,0.147,0.246,0.209,0.125,0.101,0.293,0.149,0.158,0.248,0.157,0.184,0.193,0.183,0.226,0.138,0.12,0.1,0.258,0.163,0.152,0.173,0.231,0.153,0.189,0.202,0.187,0.187,0.123,0.101,0.296,0.178,0.129,0.172,0.216,0.177,0.168,0.152,0.18,0.136,0.119,0.098,0.292,0.153,0.125,0.146,0.251,0.185,0.173,0.14,0.182,0.138,0.119,0.076,0.08,0.075,0.078,0.076,0.076,0.078,0.08,0.081,0.086,0.087,0.08
18322,36.9,0.075,0.093,0.086,0.083,0.086,0.087,0.083,0.081,0.081,0.088,0.086,0.102,0.102,0.288,0.183,0.173,0.317,0.189,0.187,0.179,0.142,0.277,0.15,0.117,0.102,0.269,0.161,0.151,0.294,0.197,0.179,0.135,0.145,0.249,0.211,0.121,0.101,0.299,0.149,0.157,0.255,0.155,0.182,0.193,0.179,0.225,0.138,0.123,0.1,0.267,0.165,0.152,0.174,0.237,0.154,0.19,0.215,0.19,0.195,0.126,0.102,0.305,0.179,0.129,0.174,0.222,0.177,0.168,0.155,0.179,0.135,0.119,0.098,0.303,0.155,0.124,0.149,0.261,0.193,0.173,0.148,0.187,0.144,0.135,0.076,0.082,0.076,0.079,0.077,0.076,0.079,0.082,0.082,0.089,0.09,0.081
18877,37.1,0.075,0.094,0.093,0.098,0.105,0.091,0.088,0.096,0.098,0.104,0.093,0.099,0.101,0.294,0.182,0.173,0.324,0.19,0.188,0.179,0.142,0.28,0.151,0.123,0.102,0.277,0.163,0.15,0.302,0.198,0.18,0.135,0.147,0.253,0.214,0.126,0.101,0.306,0.15,0.156,0.261,0.156,0.183,0.193,0.179,0.229,0.138,0.126,0.101,0.275,0.165,0.151,0.174,0.226,0.153,0.189,0.204,0.184,0.192,0.124,0.102,0.313,0.178,0.129,0.174,0.227,0.175,0.168,0.156,0.178,0.137,0.124,0.098,0.312,0.155,0.124,0.148,0.264,0.193,0.173,0.15,0.187,0.147,0.132,0.076,0.081,0.076,0.079,0.077,0.076,0.079,0.084,0.085,0.089,0.088,0.081
19433,36.9,0.075,0.094,0.089,0.089,0.093,0.09,0.084,0.086,0.087,0.093,0.087,0.1,0.101,0.302,0.183,0.172,0.332,0.187,0.186,0.179,0.139,0.277,0.15,0.119,0.101,0.284,0.161,0.149,0.309,0.196,0.179,0.134,0.147,0.256,0.214,0.116,0.102,0.313,0.149,0.156,0.269,0.156,0.182,0.194,0.177,0.231,0.138,0.125,0.101,0.282,0.164,0.151,0.175,0.239,0.154,0.189,0.209,0.186,0.193,0.124,0.103,0.322,0.178,0.128,0.174,0.232,0.176,0.167,0.158,0.179,0.137,0.119,0.098,0.322,0.155,0.124,0.149,0.275,0.195,0.174,0.154,0.187,0.152,0.138,0.077,0.082,0.077,0.079,0.077,0.077,0.08,0.082,0.082,0.089,0.091,0.081
19988,36.9,0.075,0.09,0.087,0.09,0.098,0.088,0.086,0.093,0.095,0.105,0.088,0.102,0.101,0.312,0.184,0.172,0.34,0.187,0.186,0.179,0.14,0.279,0.15,0.122,0.102,0.292,0.164,0.149,0.317,0.196,0.179,0.134,0.147,0.258,0.215,0.12,0.103,0.321,0.151,0.155,0.277,0.156,0.184,0.194,0.179,0.237,0.138,0.124,0.101,0.291,0.166,0.151,0.174,0.235,0.154,0.19,0.208,0.182,0.193,0.124,0.101,0.331,0.18,0.128,0.175,0.223,0.177,0.167,0.151,0.178,0.135,0.126,0.098,0.33,0.157,0.124,0.149,0.276,0.191,0.173,0.153,0.185,0.148,0.133,0.076,0.083,0.076,0.079,0.077,0.076,0.082,0.089,0.09,0.08,0.088,0.082
20543,36.9,0.074,0.095,0.092,0.093,0.099,0.09,0.086,0.092,0.095,0.102,0.088,0.076,0.102,0.319,0.185,0.172,0.349,0.185,0.183,0.179,0.139,0.278,0.15,0.119,0.101,0.3,0.164,0.148,0.324,0.194,0.178,0.134,0.149,0.262,0.216,0.118,0.102,0.328,0.151,0.154,0.284,0.155,0.183,0.194,0.178,0.236,0.138,0.124,0.101,0.299,0.164,0.15,0.177,0.236,0.152,0.191,0.204,0.183,0.193,0.127,0.102,0.341,0.181,0.127,0.177,0.24,0.176,0.167,0.158,0.177,0.136,0.119,0.099,0.339,0.158,0.123,0.151,0.287,0.19,0.174,0.158,0.185,0.155,0.124,0.076,0.082,0.076,0.079,0.077,0.076,0.08,0.077,0.087,0.081,0.09,0.079
21098,36.8,0.075,0.085,0.086,0.085,0.087,0.083,0.081,0.082,0.082,0.087,0.083,0.076,0.102,0.329,0.187,0.171,0.357,0.184,0.182,0.179,0.139,0.283,0.15,0.121,0.101,0.308,0.165,0.148,0.332,0.193,0.177,0.133,0.15,0.266,0.216,0.122,0.102,0.337,0.152,0.154,0.292,0.154,0.181,0.195,0.181,0.243,0.138,0.123,0.101,0.308,0.166,0.149,0.179,0.245,0.152,0.191,0.207,0.184,0.194,0.125,0.101,0.348,0.181,0.127,0.176,0.245,0.175,0.167,0.158,0.177,0.137,0.121,0.099,0.347,0.159,0.123,0.151,0.282,0.188,0.174,0.152,0.182,0.148,0.129,0.076,0.079,0.075,0.078,0.077,0.076,0.081,0.076,0.083,0.081,0.089,0.077
21653,37.0,0.074,0.122,0.103,0.094,0.099,0.099,0.097,0.089,0.089,0.101,0.088,0.076,0.102,0.336,0.188,0.171,0.366,0.184,0.182,0.181,0.141,0.29,0.152,0.127,0.102,0.318,0.166,0.148,0.34,0.193,0.177,0.134,0.151,0.269,0.219,0.122,0.102,0.346,0.152,0.154,0.3,0.154,0.182,0.196,0.182,0.246,0.139,0.129,0.101,0.318,0.165,0.149,0.177,0.242,0.15,0.191,0.209,0.177,0.193,0.136,0.102,0.36,0.181,0.127,0.178,0.238,0.175,0.166,0.153,0.174,0.137,0.121,0.099,0.353,0.158,0.123,0.151,0.29,0.187,0.174,0.152,0.18,0.148,0.122,0.076,0.08,0.076,0.079,0.077,0.077,0.08,0.076,0.092,0.079,0.088,0.079
22208,36.8,0.074,0.107,0.092,0.089,0.093,0.093,0.092,0.088,0.089,0.102,0.086,0.075,0.102,0.343,0.189,0.17,0.374,0.182,0.181,0.181,0.142,0.294,0.152,0.127,0.102,0.327,0.167,0.147,0.349,0.189,0.175,0.133,0.151,0.275,0.221,0.121,0.102,0.354,0.153,0.153,0.308,0.151,0.178,0.197,0.182,0.247,0.138,0.125,0.101,0.325,0.167,0.148,0.179,0.249,0.151,0.192,0.214,0.185,0.198,0.13,0.101,0.367,0.181,0.127,0.179,0.24,0.173,0.166,0.153,0.172,0.137,0.121,0.099,0.361,0.159,0.123,0.152,0.296,0.185,0.174,0.154,0.179,0.149,0.124,0.076,0.08,0.076,0.079,0.077,0.077,0.078,0.076,0.092,0.079,0.088,0.078
22764,36.9,0.075,0.088,0.088,0.089,0.093,0.084,0.081,0.086,0.085,0.093,0.085,0.076,0.102,0.35,0.187,0.17,0.38,0.18,0.178,0.18,0.141,0.294,0.151,0.119,0.101,0.333,0.165,0.146,0.353,0.187,0.171,0.132,0.151,0.28,0.222,0.123,0.105,0.363,0.153,0.153,0.316,0.15,0.176,0.197,0.181,0.249,0.139,0.13,0.102,0.333,0.167,0.148,0.179,0.25,0.15,0.191,0.209,0.179,0.197,0.133,0.101,0.376,0.18,0.127,0.18,0.257,0.173,0.166,0.16,0.173,0.138,0.12,0.099,0.369,0.159,0.123,0.153,0.305,0.184,0.174,0.159,0.177,0.156,0.125,0.077,0.08,0.076,0.08,0.077,0.077,0.081,0.077,0.087,0.083,0.091,0.078
23319,36.8,0.074,0.085,0.082,0.082,0.085,0.084,0.081,0.081,0.08,0.087,0.086,0.075,0.102,0.36,0.19,0.169,0.387,0.179,0.177,0.181,0.142,0.298,0.151,0.117,0.102,0.342,0.167,0.146,0.362,0.187,0.173,0.133,0.155,0.288,0.223,0.129,0.104,0.372,0.155,0.153,0.323,0.15,0.175,0.198,0.183,0.255,0.138,0.128,0.102,0.341,0.167,0.148,0.184,0.256,0.148,0.194,0.215,0.181,0.203,0.135,0.102,0.382,0.182,0.127,0.181,0.266,0.17,0.166,0.163,0.172,0.141,0.118,0.099,0.376,0.158,0.122,0.152,0.307,0.183,0.173,0.155,0.178,0.151,0.125,0.076,0.078,0.076,0.079,0.077,0.076,0.079,0.076,0.086,0.081,0.09,0.077
23874,36.9,0.075,0.088,0.09,0.087,0.09,0.084,0.082,0.084,0.084,0.09,0.088,0.078,0.102,0.368,0.19,0.169,0.394,0.178,0.176,0.18,0.143,0.306,0.151,0.118,0.102,0.351,0.167,0.146,0.369,0.185,0.173,0.132,0.154,0.289,0.224,0.128,0.105,0.38,0.154,0.152,0.331,0.149,0.176,0.199,0.184,0.26,0.138,0.13,0.102,0.346,0.166,0.147,0.182,0.263,0.147,0.193,0.209,0.182,0.198,0.127,0.102,0.386,0.18,0.126,0.18,0.264,0.17,0.166,0.159,0.174,0.139,0.119,0.1,0.382,0.158,0.122,0.154,0.311,0.181,0.174,0.149,0.176,0.145,0.12,0.077,0.079,0.075,0.078,0.076,0.077,0.08,0.076,0.086,0.079,0.089,0.077
24429,36.9,0.075,0.114,0.093,0.09,0.095,0.088,0.084,0.089,0.089,0.099,0.094,0.079,0.102,0.375,0.19,0.168,0.4,0.176,0.174,0.18,0.144,0.308,0.151,0.123,0.104,0.36,0.169,0.146,0.376,0.185,0.173,0.133,0.154,0.294,0.226,0.126,0.103,0.388,0.155,0.152,0.339,0.148,0.174,0.199,0.185,0.264,0.138,0.128,0.102,0.352,0.165,0.147,0.183,0.255,0.144,0.194,0.21,0.179,0.198,0.127,0.101,0.391,0.18,0.125,0.18,0.274,0.168,0.166,0.158,0.171,0.139,0.124,0.099,0.39,0.157,0.122,0.152,0.32,0.179,0.174,0.156,0.178,0.153,0.125,0.076,0.079,0.076,0.079,0.077,0.078,0.078,0.076,0.103,0.079,0.09,0.078
24984,37.0,0.074,0.095,0.095,0.089,0.092,0.085,0.083,0.085,0.085,0.093,0.091,0.076,0.102,0.385,0.193,0.168,0.408,0.176,0.174,0.182,0.144,0.315,0.151,0.121,0.102,0.369,0.17,0.145,0.384,0.184,0.171,0.132,0.154,0.297,0.228,0.126,0.104,0.396,0.155,0.151,0.347,0.147,0.172,0.199,0.186,0.27,0.138,0.13,0.103,0.36,0.165,0.146,0.181,0.255,0.143,0.195,0.207,0.176,0.197,0.128,0.103,0.399,0.178,0.125,0.182,0.271,0.168,0.165,0.156,0.17,0.141,0.124,0.099,0.397,0.158,0.122,0.154,0.326,0.177,0.173,0.154,0.173,0.151,0.12,0.076,0.077,0.075,0.078,0.076,0.077,0.08,0.076,0.093,0.078,0.089,0.077
25540,37.1,0.074,0.107,0.092,0.089,0.093,0.095,0.091,0.086,0.085,0.093,0.104,0.075,0.102,0.392,0.192,0.168,0.414,0.175,0.173,0.183,0.144,0.316,0.152,0.123,0.103,0.377,0.168,0.145,0.39,0.182,0.17,0.132,0.154,0.303,0.228,0.131,0.104,0.404,0.157,0.151,0.354,0.147,0.171,0.201,0.186,0.274,0.138,0.13,0.102,0.367,0.164,0.146,0.184,0.265,0.145,0.197,0.212,0.181,0.201,0.132,0.103,0.406,0.179,0.125,0.182,0.29,0.166,0.166,0.161,0.167,0.14,0.128,0.099,0.405,0.159,0.122,0.155,0.332,0.177,0.175,0.154,0.176,0.149,0.123,0.076,0.079,0.076,0.079,0.077,0.078,0.078,0.076,0.097,0.078,0.09,0.077
26095,37.2,0.074,0.097,0.104,0.094,0.096,0.089,0.086,0.086,0.087,0.095,0.099,0.075,0.102,0.4,0.192,0.167,0.42,0.173,0.172,0.182,0.144,0.324,0.152,0.123,0.103,0.385,0.171,0.145,0.397,0.181,0.168,0.132,0.154,0.305,0.229,0.128,0.104,0.411,0.156,0.151,0.362,0.146,0.17,0.202,0.187,0.282,0.139,0.13,0.103,0.372,0.163,0.146,0.182,0.262,0.142,0.198,0.208,0.176,0.199,0.134,0.104,0.413,0.173,0.125,0.183,0.287,0.165,0.165,0.157,0.168,0.142,0.131,0.1,0.409,0.157,0.121,0.154,0.334,0.175,0.174,0.151,0.175,0.147,0.123,0.076,0.078,0.075,0.078,0.076,0.077,0.081,0.076,0.092,0.078,0.089,0.077
26650,37.1,0.075,0.086,0.084,0.084,0.086,0.094,0.088,0.081,0.081,0.087,0.1,0.076,0.102,0.408,0.194,0.167,0.426,0.172,0.17,0.183,0.143,0.325,0.152,0.123,0.103,0.394,0.17,0.144,0.404,0.18,0.168,0.132,0.156,0.312,0.233,0.129,0.105,0.42,0.156,0.151,0.369,0.145,0.168,0.203,0.188,0.288,0.138,0.131,0.103,0.378,0.162,0.145,0.185,0.268,0.141,0.196,0.207,0.175,0.199,0.132,0.105,0.417,0.172,0.125,0.185,0.292,0.165,0.166,0.162,0.166,0.142,0.124,0.099,0.418,0.154,0.121,0.156,0.347,0.174,0.174,0.161,0.176,0.155,0.123,0.075,0.078,0.076,0.079,0.077,0.078,0.08,0.076,0.089,0.078,0.092,0.077
27205,36.7,0.074,0.087,0.082,0.082,0.084,0.092,0.088,0.081,0.08,0.088,0.1,0.075,0.102,0.416,0.195,0.166,0.433,0.171,0.169,0.183,0.143,0.331,0.152,0.122,0.103,0.403,0.171,0.144,0.41,0.178,0.167,0.132,0.156,0.316,0.232,0.132,0.105,0.428,0.157,0.151,0.377,0.144,0.167,0.204,0.189,0.296,0.138,0.129,0.103,0.383,0.158,0.145,0.185,0.273,0.142,0.198,0.211,0.177,0.202,0.137,0.103,0.42,0.172,0.125,0.185,0.298,0.164,0.167,0.163,0.165,0.142,0.127,0.099,0.423,0.149,0.121,0.156,0.348,0.173,0.175,0.151,0.174,0.148,0.123,0.076,0.078,0.076,0.078,0.077,0.077,0.08,0.076,0.084,0.078,0.091,0.077
27760,36.9,0.074,0.086,0.087,0.087,0.088,0.092,0.088,0.082,0.081,0.088,0.098,0.075,0.103,0.424,0.196,0.166,0.44,0.171,0.169,0.184,0.144,0.336,0.153,0.124,0.104,0.41,0.172,0.144,0.417,0.177,0.166,0.132,0.155,0.321,0.236,0.131,0.105,0.436,0.158,0.151,0.383,0.144,0.166,0.206,0.19,0.301,0.138,0.134,0.103,0.391,0.157,0.144,0.185,0.274,0.14,0.198,0.207,0.175,0.199,0.13,0.103,0.43,0.169,0.124,0.185,0.304,0.162,0.165,0.16,0.164,0.143,0.128,0.1,0.432,0.148,0.121,0.156,0.355,0.171,0.174,0.155,0.174,0.15,0.125,0.076,0.077,0.076,0.079,0.077,0.077,0.079,0.076,0.083,0.079,0.092,0.077
28315,36.9,0.074,0.084,0.081,0.082,0.084,0.088,0.084,0.08,0.079,0.086,0.094,0.076,0.103,0.433,0.198,0.167,0.446,0.169,0.167,0.184,0.144,0.341,0.152,0.125,0.105,0.419,0.174,0.144,0.425,0.177,0.166,0.132,0.157,0.325,0.238,0.134,0.105,0.442,0.158,0.15,0.391,0.143,0.166,0.207,0.189,0.305,0.139,0.133,0.103,0.4,0.156,0.145,0.187,0.278,0.142,0.203,0.213,0.177,0.204,0.132,0.104,0.436,0.168,0.125,0.187,0.309,0.161,0.166,0.161,0.163,0.144,0.124,0.099,0.439,0.148,0.121,0.157,0.361,0.171,0.175,0.153,0.173,0.149,0.128,0.077,0.079,0.076,0.079,0.077,0.079,0.081,0.076,0.081,0.078,0.091,0.082
28870,36.9,0.074,0.089,0.089,0.088,0.089,0.098,0.091,0.082,0.082,0.089,0.101,0.076,0.103,0.44,0.197,0.166,0.451,0.168,0.166,0.185,0.144,0.345,0.153,0.124,0.105,0.427,0.172,0.143,0.431,0.175,0.164,0.132,0.158,0.33,0.239,0.139,0.105,0.451,0.158,0.15,0.397,0.142,0.164,0.209,0.189,0.312,0.139,0.136,0.103,0.408,0.155,0.144,0.187,0.277,0.14,0.202,0.21,0.175,0.201,0.13,0.104,0.442,0.166,0.124,0.187,0.313,0.16,0.166,0.161,0.162,0.143,0.129,0.1,0.445,0.147,0.121,0.158,0.366,0.169,0.174,0.153,0.171,0.148,0.125,0.077,0.078,0.075,0.078,0.076,0.078,0.079,0.076,0.082,0.078,0.091,0.079
29426,37.0,0.074,0.092,0.085,0.084,0.086,0.099,0.092,0.082,0.082,0.091,0.099,0.076,0.103,0.447,0.198,0.166,0.458,0.167,0.165,0.186,0.143,0.348,0.153,0.126,0.104,0.435,0.173,0.142,0.437,0.173,0.163,0.131,0.157,0.334,0.239,0.14,0.106,0.461,0.159,0.15,0.405,0.141,0.162,0.209,0.189,0.318,0.139,0.131,0.104,0.411,0.154,0.144,0.186,0.287,0.139,0.203,0.212,0.172,0.201,0.136,0.105,0.446,0.167,0.124,0.187,0.321,0.159,0.167,0.163,0.161,0.143,0.132,0.1,0.45,0.147,0.121,0.158,0.372,0.168,0.175,0.15,0.17,0.147,0.123,0.076,0.078,0.075,0.078,0.076,0.078,0.079,0.076,0.082,0.078,0.092,0.078
29981,36.8,0.074,0.113,0.092,0.092,0.093,0.102,0.095,0.084,0.082,0.09,0.098,0.076,0.103,0.454,0.197,0.165,0.462,0.166,0.164,0.186,0.144,0.352,0.154,0.131,0.106,0.442,0.173,0.143,0.445,0.172,0.161,0.131,0.156,0.335,0.24,0.135,0.105,0.467,0.159,0.149,0.412,0.141,0.162,0.211,0.19,0.322,0.14,0.137,0.105,0.417,0.153,0.144,0.188,0.296,0.141,0.207,0.215,0.176,0.204,0.135,0.106,0.456,0.165,0.123,0.186,0.329,0.157,0.165,0.16,0.16,0.144,0.129,0.1,0.456,0.146,0.12,0.159,0.38,0.167,0.176,0.158,0.17,0.152,0.128,0.075,0.08,0.076,0.08,0.077,0.078,0.079,0.076,0.092,0.079,0.094,0.078
30536,36.9,0.073,0.104,0.083,0.083,0.085,0.099,0.093,0.081,0.082,0.091,0.098,0.077,0.104,0.461,0.199,0.165,0.468,0.165,0.163,0.187,0.144,0.354,0.154,0.124,0.104,0.451,0.174,0.142,0.451,0.171,0.161,0.131,0.158,0.34,0.243,0.139,0.105,0.475,0.16,0.149,0.418,0.14,0.161,0.212,0.19,0.327,0.139,0.134,0.104,0.421,0.152,0.144,0.19,0.292,0.138,0.205,0.214,0.172,0.203,0.134,0.107,0.458,0.163,0.124,0.188,0.33,0.157,0.167,0.163,0.159,0.144,0.129,0.1,0.464,0.145,0.12,0.159,0.386,0.166,0.175,0.155,0.169,0.151,0.127,0.077,0.079,0.076,0.079,0.077,0.078,0.081,0.076,0.081,0.079,0.094,0.08
31091,36.9,0.074,0.098,0.086,0.087,0.088,0.097,0.092,0.081,0.081,0.091,0.097,0.077,0.103,0.469,0.199,0.165,0.473,0.164,0.162,0.187,0.144,0.361,0.154,0.126,0.105,0.458,0.176,0.142,0.458,0.17,0.159,0.131,0.158,0.343,0.245,0.14,0.105,0.483,0.16,0.149,0.425,0.139,0.16,0.213,0.19,0.333,0.139,0.136,0.104,0.426,0.151,0.143,0.189,0.291,0.136,0.206,0.211,0.167,0.199,0.134,0.105,0.464,0.162,0.123,0.188,0.33,0.156,0.166,0.162,0.16,0.143,0.129,0.1,0.47,0.144,0.12,0.158,0.391,0.165,0.175,0.154,0.167,0.149,0.122,0.076,0.077,0.075,0.078,0.076,0.076,0.079,0.076,0.086,0.078,0.094,0.077
31646,36.8,0.074,0.139,0.087,0.085,0.087,0.099,0.095,0.082,0.084,0.097,0.095,0.077,0.104,0.476,0.199,0.164,0.479,0.163,0.161,0.188,0.144,0.364,0.155,0.128,0.105,0.465,0.176,0.142,0.464,0.168,0.158,0.131,0.156,0.345,0.244,0.134,0.106,0.49,0.161,0.149,0.432,0.139,0.159,0.214,0.191,0.336,0.139,0.137,0.104,0.432,0.149,0.143,0.191,0.304,0.137,0.21,0.215,0.171,0.203,0.135,0.108,0.472,0.161,0.124,0.191,0.337,0.156,0.167,0.162,0.158,0.143,0.128,0.1,0.475,0.143,0.12,0.161,0.397,0.164,0.177,0.157,0.167,0.151,0.123,0.076,0.082,0.076,0.08,0.078,0.078,0.081,0.076,0.089,0.079,0.095,0.079
32201,36.9,0.074,0.137,0.088,0.086,0.088,0.094,0.094,0.082,0.084,0.096,0.091,0.076,0.103,0.481,0.2,0.164,0.484,0.162,0.16,0.188,0.145,0.369,0.155,0.128,0.106,0.473,0.176,0.142,0.47,0.167,0.157,0.131,0.157,0.349,0.246,0.134,0.106,0.498,0.162,0.149,0.437,0.138,0.159,0.216,0.192,0.341,0.14,0.137,0.105,0.437,0.148,0.143,0.192,0.309,0.137,0.211,0.215,0.169,0.203,0.137,0.108,0.479,0.16,0.123,0.189,0.342,0.154,0.167,0.162,0.158,0.144,0.135,0.1,0.481,0.142,0.12,0.159,0.403,0.163,0.177,0.157,0.167,0.152,0.135,0.076,0.082,0.076,0.08,0.078,0.078,0.08,0.076,0.088,0.079,0.098,0.08
32757,36.8,0.074,0.144,0.089,0.085,0.087,0.094,0.092,0.084,0.088,0.103,0.093,0.076,0.104,0.489,0.201,0.165,0.489,0.161,0.159,0.19,0.144,0.373,0.155,0.125,0.105,0.48,0.176,0.141,0.475,0.166,0.156,0.131,0.156,0.354,0.247,0.135,0.106,0.506,0.162,0.149,0.445,0.138,0.158,0.218,0.191,0.345,0.14,0.138,0.105,0.442,0.147,0.143,0.192,0.314,0.135,0.211,0.214,0.167,0.201,0.138,0.11,0.484,0.16,0.124,0.19,0.347,0.154,0.168,0.163,0.156,0.142,0.128,0.1,0.486,0.142,0.12,0.16,0.406,0.162,0.177,0.156,0.165,0.151,0.13,0.075,0.079,0.076,0.079,0.077,0.077,0.079,0.076,0.085,0.079,0.098,0.077
33312,36.9,0.074,0.113,0.083,0.082,0.084,0.089,0.087,0.081,0.082,0.095,0.091,0.076,0.104,0.494,0.201,0.164,0.493,0.16,0.158,0.19,0.145,0.377,0.155,0.126,0.104,0.488,0.179,0.142,0.483,0.167,0.157,0.132,0.157,0.359,0.251,0.136,0.107,0.516,0.163,0.149,0.452,0.137,0.157,0.22,0.193,0.353,0.14,0.136,0.105,0.451,0.146,0.143,0.192,0.318,0.135,0.211,0.211,0.166,0.2,0.133,0.106,0.493,0.157,0.123,0.192,0.349,0.153,0.168,0.164,0.155,0.144,0.13,0.1,0.494,0.141,0.12,0.16,0.413,0.16,0.176,0.154,0.164,0.15,0.128,0.076,0.079,0.075,0.078,0.077,0.077,0.079,0.076,0.082,0.078,0.095,0.077
33867,36.8,0.074,0.118,0.089,0.084,0.086,0.092,0.089,0.083,0.086,0.101,0.094,0.076,0.104,0.501,0.202,0.164,0.499,0.159,0.157,0.191,0.144,0.381,0.156,0.128,0.104,0.495,0.178,0.142,0.488,0.166,0.156,0.132,0.155,0.361,0.253,0.135,0.107,0.52,0.163,0.148,0.457,0.136,0.156,0.219,0.191,0.355,0.14,0.138,0.105,0.455,0.145,0.142,0.193,0.324,0.133,0.213,0.211,0.163,0.199,0.134,0.105,0.499,0.156,0.123,0.191,0.353,0.152,0.168,0.164,0.154,0.143,0.129,0.1,0.499,0.14,0.12,0.161,0.42,0.16,0.177,0.156,0.165,0.15,0.129,0.076,0.079,0.076,0.078,0.078,0.077,0.079,0.076,0.09,0.078,0.097,0.078
34422,36.8,0.074,0.119,0.09,0.086,0.089,0.093,0.093,0.087,0.093,0.108,0.095,0.076,0.104,0.504,0.201,0.163,0.504,0.159,0.157,0.192,0.144,0.385,0.157,0.13,0.105,0.502,0.179,0.141,0.494,0.165,0.155,0.131,0.154,0.365,0.252,0.132,0.108,0.527,0.164,0.148,0.464,0.135,0.155,0.221,0.191,0.36,0.14,0.134,0.105,0.463,0.144,0.143,0.192,0.337,0.134,0.215,0.213,0.164,0.201,0.136,0.108,0.504,0.157,0.124,0.194,0.359,0.152,0.169,0.165,0.154,0.144,0.127,0.1,0.501,0.139,0.12,0.159,0.424,0.16,0.178,0.155,0.164,0.149,0.134,0.075,0.082,0.076,0.079,0.079,0.077,0.078,0.076,0.089,0.079,0.096,0.08
34977,36.8,0.074,0.127,0.094,0.093,0.097,0.093,0.093,0.093,0.1,0.111,0.095,0.076,0.104,0.507,0.202,0.163,0.509,0.158,0.156,0.193,0.144,0.388,0.157,0.13,0.104,0.508,0.178,0.141,0.5,0.164,0.154,0.131,0.155,0.369,0.253,0.132,0.108,0.533,0.164,0.148,0.47,0.135,0.154,0.223,0.192,0.363,0.14,0.137,0.105,0.468,0.143,0.143,0.195,0.35,0.134,0.217,0.216,0.166,0.204,0.136,0.108,0.508,0.156,0.125,0.193,0.365,0.152,0.17,0.166,0.153,0.144,0.127,0.101,0.502,0.138,0.12,0.162,0.429,0.159,0.179,0.156,0.164,0.151,0.14,0.076,0.079,0.076,0.079,0.079,0.077,0.08,0.076,0.083,0.079,0.098,0.078
35532,36.9,0.074,0.153,0.094,0.086,0.089,0.092,0.091,0.087,0.092,0.106,0.099,0.076,0.104,0.511,0.202,0.164,0.516,0.158,0.156,0.194,0.144,0.396,0.158,0.131,0.105,0.512,0.179,0.141,0.505,0.163,0.153,0.131,0.156,0.372,0.254,0.135,0.107,0.537,0.164,0.148,0.475,0.135,0.154,0.223,0.188,0.369,0.14,0.137,0.106,0.471,0.142,0.142,0.193,0.35,0.133,0.219,0.214,0.162,0.201,0.136,0.104,0.514,0.152,0.123,0.191,0.371,0.149,0.168,0.165,0.152,0.144,0.136,0.101,0.501,0.138,0.12,0.164,0.431,0.157,0.179,0.154,0.16,0.149,0.129,0.076,0.078,0.075,0.078,0.077,0.077,0.078,0.076,0.089,0.078,0.096,0.078
36087,36.9,0.074,0.131,0.094,0.09,0.094,0.092,0.091,0.092,0.096,0.106,0.096,0.076,0.105,0.514,0.202,0.163,0.519,0.156,0.154,0.193,0.142,0.394,0.157,0.13,0.104,0.518,0.178,0.141,0.51,0.162,0.153,0.131,0.156,0.38,0.258,0.137,0.107,0.542,0.165,0.148,0.481,0.135,0.153,0.227,0.188,0.373,0.141,0.14,0.106,0.477,0.142,0.143,0.196,0.358,0.132,0.22,0.214,0.162,0.202,0.138,0.105,0.515,0.152,0.123,0.193,0.378,0.149,0.169,0.165,0.152,0.145,0.133,0.101,0.507,0.136,0.119,0.164,0.441,0.157,0.178,0.156,0.162,0.151,0.142,0.077,0.08,0.076,0.08,0.08,0.079,0.081,0.076,0.082,0.079,0.097,0.079
36643,36.8,0.074,0.106,0.086,0.083,0.086,0.089,0.085,0.084,0.087,0.102,0.096,0.076,0.105,0.519,0.204,0.164,0.527,0.157,0.155,0.197,0.143,0.403,0.158,0.129,0.104,0.52,0.179,0.141,0.516,0.162,0.154,0.133,0.161,0.386,0.258,0.143,0.107,0.548,0.165,0.149,0.487,0.134,0.153,0.23,0.187,0.379,0.141,0.139,0.106,0.481,0.141,0.142,0.196,0.366,0.133,0.221,0.214,0.164,0.204,0.138,0.105,0.522,0.151,0.123,0.193,0.384,0.149,0.169,0.164,0.151,0.146,0.135,0.101,0.508,0.136,0.12,0.163,0.443,0.156,0.179,0.153,0.16,0.148,0.137,0.076,0.078,0.075,0.078,0.08,0.077,0.079,0.076,0.083,0.079,0.093,0.077
37198,36.8,0.074,0.127,0.093,0.085,0.087,0.09,0.085,0.086,0.089,0.105,0.097,0.076,0.104,0.522,0.203,0.163,0.53,0.156,0.154,0.196,0.143,0.407,0.158,0.131,0.104,0.526,0.178,0.141,0.522,0.162,0.153,0.132,0.16,0.386,0.26,0.139,0.108,0.554,0.165,0.149,0.493,0.134,0.153,0.232,0.188,0.385,0.142,0.138,0.106,0.486,0.14,0.142,0.197,0.371,0.133,0.223,0.213,0.165,0.201,0.137,0.105,0.525,0.15,0.123,0.192,0.39,0.148,0.169,0.166,0.152,0.144,0.137,0.101,0.512,0.136,0.12,0.162,0.447,0.155,0.179,0.153,0.159,0.149,0.133,0.075,0.078,0.075,0.078,0.079,0.077,0.08,0.076,0.082,0.079,0.097,0.077
37753,36.9,0.074,0.107,0.105,0.091,0.093,0.088,0.085,0.087,0.093,0.11,0.095,0.079,0.105,0.527,0.204,0.163,0.537,0.157,0.155,0.198,0.143,0.412,0.16,0.135,0.105,0.53,0.179,0.141,0.528,0.161,0.152,0.132,0.159,0.389,0.263,0.142,0.108,0.557,0.165,0.149,0.498,0.134,0.153,0.233,0.189,0.389,0.141,0.141,0.106,0.493,0.139,0.142,0.196,0.377,0.132,0.224,0.213,0.162,0.199,0.139,0.106,0.533,0.149,0.124,0.194,0.397,0.149,0.17,0.165,0.152,0.143,0.139,0.101,0.517,0.135,0.12,0.162,0.451,0.156,0.181,0.153,0.159,0.149,0.135,0.075,0.079,0.076,0.079,0.079,0.077,0.08,0.076,0.084,0.079,0.097,0.078
38308,36.9,0.074,0.108,0.1,0.09,0.094,0.093,0.083,0.09,0.091,0.101,0.097,0.077,0.105,0.53,0.205,0.163,0.542,0.156,0.154,0.199,0.142,0.414,0.16,0.131,0.105,0.531,0.178,0.14,0.531,0.16,0.151,0.132,0.158,0.392,0.263,0.141,0.108,0.56,0.165,0.148,0.504,0.133,0.152,0.234,0.191,0.39,0.141,0.141,0.106,0.496,0.138,0.142,0.196,0.383,0.131,0.227,0.211,0.161,0.198,0.141,0.11,0.537,0.15,0.124,0.196,0.401,0.148,0.171,0.165,0.15,0.141,0.138,0.101,0.522,0.134,0.12,0.164,0.455,0.156,0.181,0.154,0.16,0.151,0.139,0.076,0.079,0.075,0.079,0.081,0.077,0.08,0.076,0.082,0.079,0.1,0.078
38864,36.9,0.075,0.124,0.103,0.095,0.099,0.101,0.076,0.093,0.095,0.102,0.077,0.086,0.105,0.533,0.206,0.163,0.547,0.156,0.154,0.2,0.143,0.42,0.16,0.132,0.104,0.536,0.177,0.14,0.536,0.159,0.15,0.131,0.156,0.394,0.263,0.137,0.108,0.563,0.165,0.148,0.509,0.133,0.151,0.235,0.191,0.396,0.141,0.143,0.106,0.503,0.137,0.142,0.194,0.388,0.13,0.225,0.21,0.16,0.197,0.141,0.107,0.539,0.148,0.123,0.194,0.408,0.147,0.17,0.165,0.15,0.142,0.141,0.101,0.526,0.134,0.12,0.165,0.457,0.155,0.181,0.153,0.16,0.15,0.135,0.076,0.079,0.076,0.08,0.081,0.078,0.08,0.076,0.082,0.08,0.102,0.079
39419,36.8,0.074,0.109,0.108,0.091,0.093,0.097,0.075,0.09,0.097,0.11,0.076,0.076,0.105,0.536,0.205,0.163,0.55,0.154,0.152,0.199,0.142,0.421,0.16,0.13,0.105,0.539,0.18,0.141,0.54,0.16,0.151,0.133,0.159,0.401,0.268,0.138,0.108,0.564,0.165,0.148,0.515,0.133,0.15,0.237,0.189,0.398,0.142,0.141,0.106,0.504,0.137,0.142,0.197,0.39,0.13,0.229,0.211,0.16,0.199,0.138,0.107,0.539,0.147,0.123,0.194,0.413,0.146,0.171,0.166,0.15,0.142,0.142,0.101,0.53,0.133,0.12,0.163,0.46,0.153,0.18,0.153,0.158,0.149,0.139,0.076,0.076,0.075,0.078,0.08,0.076,0.08,0.076,0.082,0.079,0.094,0.079
39974,36.8,0.074,0.121,0.108,0.089,0.092,0.089,0.075,0.088,0.093,0.101,0.076,0.076,0.105,0.539,0.206,0.163,0.556,0.154,0.152,0.201,0.143,0.428,0.161,0.136,0.105,0.542,0.179,0.14,0.545,0.159,0.151,0.133,0.157,0.404,0.27,0.14,0.108,0.567,0.166,0.148,0.521,0.133,0.151,0.238,0.192,0.402,0.142,0.142,0.107,0.51,0.136,0.142,0.197,0.394,0.13,0.228,0.21,0.158,0.198,0.136,0.108,0.541,0.146,0.123,0.195,0.417,0.146,0.172,0.166,0.149,0.143,0.138,0.101,0.534,0.132,0.12,0.164,0.466,0.153,0.18,0.154,0.159,0.15,0.141,0.076,0.079,0.076,0.079,0.083,0.078,0.079,0.076,0.082,0.079,0.102,0.078
40529,36.9,0.074,0.118,0.128,0.098,0.1,0.092,0.076,0.092,0.098,0.108,0.076,0.076,0.105,0.543,0.206,0.163,0.563,0.154,0.152,0.203,0.143,0.43,0.162,0.135,0.105,0.544,0.18,0.14,0.547,0.158,0.15,0.132,0.157,0.409,0.268,0.141,0.109,0.564,0.167,0.148,0.526,0.132,0.15,0.24,0.192,0.409,0.142,0.138,0.108,0.513,0.136,0.142,0.198,0.4,0.13,0.232,0.214,0.157,0.199,0.136,0.112,0.542,0.148,0.124,0.198,0.42,0.147,0.174,0.168,0.149,0.144,0.134,0.102,0.531,0.132,0.12,0.167,0.466,0.153,0.182,0.154,0.158,0.15,0.141,0.076,0.08,0.077,0.08,0.087,0.078,0.082,0.076,0.081,0.079,0.099,0.079
41084,37.1,0.074,0.116,0.098,0.088,0.091,0.091,0.075,0.088,0.09,0.097,0.076,0.077,0.105,0.549,0.206,0.163,0.568,0.154,0.152,0.203,0.143,0.437,0.162,0.13,0.106,0.548,0.179,0.141,0.552,0.158,0.15,0.133,0.158,0.412,0.271,0.139,0.109,0.567,0.165,0.148,0.53,0.132,0.15,0.241,0.19,0.409,0.143,0.14,0.107,0.515,0.135,0.142,0.202,0.407,0.131,0.235,0.217,0.162,0.201,0.139,0.108,0.545,0.145,0.123,0.195,0.426,0.146,0.173,0.166,0.149,0.143,0.138,0.102,0.535,0.131,0.12,0.168,0.469,0.153,0.183,0.153,0.158,0.149,0.134,0.076,0.078,0.076,0.079,0.084,0.077,0.081,0.076,0.081,0.079,0.095,0.077
41640,37.0,0.074,0.135,0.095,0.088,0.091,0.088,0.076,0.088,0.09,0.097,0.076,0.077,0.105,0.553,0.205,0.163,0.574,0.154,0.152,0.205,0.143,0.443,0.163,0.135,0.105,0.552,0.182,0.141,0.557,0.16,0.151,0.134,0.159,0.42,0.274,0.144,0.108,0.572,0.167,0.149,0.536,0.132,0.151,0.245,0.191,0.417,0.143,0.143,0.107,0.518,0.135,0.142,0.202,0.408,0.129,0.235,0.216,0.158,0.202,0.141,0.107,0.552,0.144,0.123,0.196,0.43,0.145,0.173,0.166,0.148,0.143,0.139,0.102,0.537,0.132,0.12,0.166,0.473,0.152,0.183,0.152,0.156,0.148,0.132,0.076,0.077,0.075,0.078,0.082,0.076,0.079,0.075,0.08,0.078,0.098,0.077
42195,37.1,0.074,0.134,0.102,0.096,0.097,0.09,0.076,0.091,0.093,0.099,0.076,0.076,0.106,0.555,0.206,0.163,0.578,0.153,0.151,0.205,0.144,0.449,0.163,0.131,0.106,0.555,0.18,0.14,0.561,0.158,0.149,0.133,0.156,0.418,0.273,0.137,0.109,0.571,0.167,0.148,0.54,0.132,0.149,0.244,0.19,0.419,0.143,0.141,0.108,0.521,0.134,0.142,0.2,0.413,0.129,0.238,0.214,0.157,0.202,0.137,0.11,0.558,0.145,0.124,0.197,0.434,0.145,0.173,0.163,0.147,0.143,0.137,0.102,0.541,0.131,0.12,0.166,0.475,0.152,0.183,0.152,0.157,0.149,0.14,0.075,0.079,0.076,0.079,0.085,0.077,0.079,0.076,0.082,0.079,0.105,0.078
42750,36.9,0.074,0.13,0.094,0.092,0.095,0.091,0.076,0.088,0.087,0.095,0.076,0.077,0.106,0.56,0.207,0.163,0.583,0.153,0.151,0.207,0.143,0.452,0.164,0.132,0.105,0.559,0.18,0.14,0.565,0.157,0.149,0.133,0.157,0.424,0.275,0.138,0.11,0.574,0.167,0.149,0.545,0.132,0.15,0.248,0.19,0.423,0.143,0.14,0.108,0.524,0.134,0.142,0.2,0.419,0.129,0.239,0.215,0.159,0.203,0.137,0.107,0.56,0.144,0.124,0.197,0.439,0.145,0.174,0.163,0.148,0.143,0.139,0.102,0.542,0.13,0.119,0.166,0.478,0.152,0.183,0.152,0.157,0.149,0.137,0.076,0.078,0.076,0.078,0.086,0.077,0.078,0.076,0.081,0.079,0.1,0.077
43305,36.8,0.074,0.142,0.106,0.101,0.101,0.092,0.076,0.092,0.093,0.098,0.076,0.08,0.106,0.56,0.205,0.163,0.586,0.152,0.15,0.207,0.143,0.454,0.164,0.134,0.105,0.56,0.181,0.14,0.57,0.158,0.149,0.134,0.158,0.429,0.28,0.142,0.109,0.574,0.167,0.149,0.551,0.131,0.149,0.249,0.189,0.426,0.144,0.143,0.108,0.527,0.133,0.142,0.201,0.419,0.128,0.239,0.212,0.155,0.199,0.139,0.108,0.561,0.143,0.124,0.197,0.443,0.145,0.176,0.163,0.147,0.143,0.14,0.103,0.54,0.13,0.12,0.167,0.483,0.152,0.184,0.155,0.158,0.152,0.138,0.076,0.079,0.076,0.079,0.087,0.077,0.081,0.076,0.08,0.079,0.102,0.077
43861,36.8,0.074,0.129,0.099,0.091,0.093,0.09,0.076,0.088,0.088,0.096,0.076,0.077,0.106,0.562,0.203,0.162,0.591,0.153,0.151,0.208,0.144,0.461,0.165,0.137,0.106,0.561,0.18,0.14,0.573,0.156,0.148,0.133,0.157,0.431,0.276,0.138,0.109,0.575,0.168,0.149,0.555,0.131,0.148,0.251,0.189,0.43,0.143,0.141,0.108,0.525,0.132,0.142,0.194,0.424,0.129,0.241,0.216,0.157,0.203,0.137,0.108,0.562,0.143,0.123,0.197,0.447,0.144,0.175,0.164,0.147,0.145,0.134,0.102,0.535,0.129,0.12,0.168,0.48,0.151,0.185,0.152,0.155,0.147,0.137,0.076,0.078,0.075,0.078,0.086,0.076,0.08,0.076,0.08,0.079,0.103,0.078
44416,37.0,0.074,0.165,0.101,0.104,0.108,0.096,0.075,0.096,0.093,0.1,0.076,0.076,0.106,0.567,0.204,0.163,0.595,0.153,0.151,0.21,0.144,0.467,0.165,0.133,0.106,0.563,0.18,0.141,0.578,0.157,0.148,0.134,0.157,0.435,0.28,0.14,0.11,0.576,0.167,0.149,0.558,0.131,0.148,0.252,0.189,0.436,0.144,0.142,0.108,0.528,0.132,0.142,0.194,0.427,0.128,0.244,0.217,0.156,0.203,0.138,0.107,0.568,0.142,0.123,0.197,0.452,0.144,0.174,0.163,0.147,0.145,0.141,0.103,0.537,0.13,0.12,0.166,0.481,0.15,0.186,0.154,0.154,0.149,0.139,0.075,0.079,0.076,0.079,0.09,0.077,0.08,0.076,0.081,0.079,0.104,0.078
44971,36.8,0.074,0.165,0.086,0.089,0.093,0.076,0.076,0.085,0.084,0.096,0.076,0.077,0.106,0.57,0.205,0.163,0.598,0.152,0.15,0.21,0.143,0.471,0.165,0.134,0.106,0.565,0.177,0.14,0.582,0.157,0.148,0.134,0.157,0.441,0.281,0.14,0.11,0.575,0.166,0.148,0.563,0.131,0.148,0.253,0.19,0.438,0.144,0.142,0.108,0.53,0.132,0.142,0.194,0.436,0.13,0.247,0.22,0.16,0.203,0.139,0.108,0.567,0.142,0.124,0.198,0.455,0.144,0.176,0.164,0.147,0.143,0.136,0.103,0.54,0.129,0.12,0.166,0.486,0.151,0.186,0.153,0.156,0.149,0.138,0.076,0.079,0.077,0.079,0.09,0.077,0.079,0.076,0.087,0.079,0.11,0.078
45526,36.8,0.075,0.184,0.097,0.103,0.105,0.076,0.075,0.091,0.089,0.099,0.076,0.078,0.106,0.572,0.205,0.163,0.604,0.153,0.151,0.212,0.144,0.478,0.167,0.137,0.106,0.565,0.176,0.14,0.585,0.156,0.148,0.134,0.156,0.443,0.283,0.139,0.11,0.577,0.167,0.149,0.566,0.131,0.148,0.256,0.19,0.444,0.144,0.143,0.109,0.533,0.132,0.142,0.193,0.435,0.128,0.245,0.215,0.156,0.201,0.14,0.107,0.571,0.14,0.123,0.196,0.461,0.143,0.174,0.164,0.146,0.143,0.139,0.104,0.54,0.129,0.12,0.166,0.487,0.15,0.187,0.151,0.155,0.148,0.132,0.075,0.08,0.076,0.08,0.091,0.078,0.08,0.077,0.081,0.08,0.107,0.078
46081,37.1,0.075,0.203,0.091,0.096,0.101,0.077,0.076,0.088,0.088,0.103,0.076,0.076,0.107,0.575,0.206,0.163,0.607,0.152,0.15,0.213,0.144,0.481,0.167,0.135,0.106,0.566,0.175,0.14,0.588,0.156,0.148,0.134,0.157,0.449,0.284,0.142,0.111,0.578,0.166,0.149,0.572,0.131,0.148,0.257,0.19,0.446,0.145,0.141,0.108,0.535,0.131,0.142,0.194,0.44,0.128,0.248,0.217,0.156,0.201,0.139,0.109,0.571,0.142,0.124,0.199,0.464,0.144,0.176,0.164,0.146,0.143,0.137,0.103,0.543,0.129,0.12,0.168,0.49,0.15,0.187,0.152,0.156,0.15,0.139,0.075,0.079,0.076,0.079,0.087,0.077,0.081,0.076,0.08,0.079,0.105,0.077
46636,37.0,0.074,0.199,0.088,0.101,0.107,0.076,0.076,0.088,0.086,0.099,0.076,0.077,0.107,0.577,0.205,0.163,0.611,0.151,0.15,0.213,0.144,0.486,0.168,0.135,0.106,0.567,0.174,0.14,0.592,0.156,0.148,0.134,0.156,0.452,0.286,0.138,0.11,0.579,0.165,0.148,0.575,0.131,0.148,0.258,0.19,0.45,0.145,0.143,0.109,0.538,0.131,0.142,0.193,0.447,0.129,0.25,0.219,0.158,0.202,0.141,0.109,0.571,0.142,0.124,0.199,0.467,0.144,0.178,0.165,0.147,0.144,0.138,0.104,0.545,0.128,0.12,0.167,0.493,0.15,0.188,0.152,0.156,0.151,0.14,0.075,0.081,0.077,0.08,0.09,0.077,0.081,0.077,0.079,0.079,0.104,0.077
47192,36.9,0.074,0.194,0.084,0.087,0.091,0.077,0.076,0.083,0.083,0.098,0.076,0.076,0.107,0.581,0.206,0.163,0.615,0.152,0.15,0.215,0.144,0.492,0.168,0.133,0.107,0.57,0.175,0.141,0.596,0.156,0.148,0.135,0.157,0.457,0.288,0.141,0.11,0.583,0.164,0.149,0.577,0.131,0.148,0.262,0.191,0.456,0.145,0.141,0.108,0.54,0.131,0.142,0.194,0.451,0.129,0.252,0.22,0.159,0.202,0.14,0.107,0.574,0.141,0.124,0.199,0.472,0.144,0.179,0.167,0.147,0.145,0.14,0.104,0.545,0.128,0.12,0.168,0.492,0.15,0.188,0.151,0.155,0.15,0.134,0.076,0.08,0.077,0.08,0.089,0.077,0.079,0.076,0.079,0.079,0.1,0.077
47747,36.8,0.074,0.211,0.087,0.092,0.097,0.076,0.076,0.086,0.086,0.101,0.076,0.076,0.108,0.581,0.206,0.163,0.619,0.151,0.15,0.216,0.144,0.496,0.169,0.136,0.106,0.571,0.174,0.14,0.601,0.156,0.147,0.135,0.156,0.461,0.29,0.14,0.11,0.587,0.165,0.15,0.582,0.131,0.148,0.264,0.191,0.458,0.146,0.143,0.109,0.542,0.131,0.142,0.194,0.453,0.128,0.253,0.218,0.157,0.202,0.142,0.108,0.577,0.141,0.124,0.199,0.476,0.143,0.177,0.165,0.146,0.145,0.138,0.104,0.546,0.128,0.12,0.167,0.496,0.15,0.188,0.156,0.156,0.151,0.134,0.077,0.08,0.077,0.08,0.088,0.078,0.08,0.076,0.08,0.08,0.105,0.078
48302,36.9,0.074,0.215,0.09,0.096,0.103,0.076,0.075,0.087,0.088,0.076,0.076,0.076,0.107,0.583,0.206,0.163,0.623,0.152,0.15,0.218,0.144,0.502,0.17,0.137,0.107,0.573,0.175,0.141,0.605,0.156,0.148,0.135,0.156,0.465,0.292,0.141,0.11,0.586,0.164,0.149,0.585,0.131,0.148,0.265,0.191,0.464,0.146,0.143,0.109,0.544,0.131,0.142,0.193,0.457,0.128,0.252,0.216,0.156,0.201,0.14,0.108,0.579,0.141,0.124,0.199,0.48,0.143,0.177,0.164,0.146,0.146,0.139,0.104,0.545,0.128,0.12,0.168,0.497,0.149,0.189,0.152,0.155,0.151,0.131,0.076,0.08,0.076,0.08,0.089,0.078,0.08,0.077,0.079,0.08,0.1,0.078
48858,37.0,0.075,0.22,0.091,0.097,0.107,0.076,0.076,0.088,0.091,0.077,0.076,0.08,0.107,0.584,0.206,0.163,0.626,0.151,0.15,0.219,0.144,0.505,0.171,0.138,0.106,0.572,0.175,0.14,0.608,0.155,0.147,0.135,0.156,0.47,0.292,0.14,0.11,0.586,0.164,0.149,0.587,0.13,0.148,0.267,0.191,0.468,0.146,0.142,0.109,0.546,0.13,0.142,0.194,0.458,0.127,0.257,0.217,0.155,0.202,0.141,0.107,0.58,0.14,0.124,0.198,0.484,0.142,0.178,0.163,0.146,0.146,0.142,0.103,0.548,0.127,0.12,0.168,0.501,0.15,0.19,0.153,0.156,0.153,0.135,0.076,0.079,0.077,0.08,0.088,0.077,0.081,0.076,0.079,0.08,0.099,0.077
49412,36.9,0.074,0.152,0.089,0.093,0.098,0.076,0.076,0.085,0.087,0.077,0.076,0.076,0.107,0.586,0.206,0.163,0.63,0.151,0.149,0.22,0.144,0.509,0.171,0.136,0.107,0.574,0.175,0.14,0.612,0.155,0.147,0.136,0.157,0.475,0.294,0.14,0.11,0.586,0.164,0.15,0.591,0.13,0.147,0.268,0.191,0.472,0.146,0.142,0.109,0.547,0.13,0.142,0.194,0.464,0.128,0.259,0.218,0.157,0.204,0.141,0.107,0.582,0.14,0.124,0.198,0.488,0.143,0.178,0.163,0.146,0.147,0.143,0.104,0.55,0.127,0.12,0.168,0.503,0.149,0.19,0.153,0.155,0.152,0.129,0.075,0.08,0.076,0.08,0.09,0.077,0.082,0.077,0.079,0.08,0.098,0.078
49967,36.8,0.074,0.096,0.089,0.087,0.09,0.077,0.077,0.085,0.087,0.078,0.076,0.078,0.107,0.587,0.206,0.163,0.634,0.151,0.15,0.222,0.144,0.512,0.172,0.138,0.107,0.575,0.174,0.14,0.616,0.155,0.147,0.136,0.156,0.479,0.296,0.139,0.111,0.585,0.164,0.15,0.595,0.131,0.148,0.271,0.192,0.477,0.147,0.144,0.109,0.55,0.13,0.142,0.194,0.468,0.128,0.259,0.216,0.156,0.203,0.142,0.108,0.583,0.141,0.125,0.199,0.491,0.143,0.18,0.164,0.146,0.147,0.143,0.104,0.551,0.127,0.12,0.17,0.506,0.149,0.191,0.156,0.156,0.152,0.132,0.076,0.08,0.077,0.08,0.089,0.078,0.079,0.077,0.08,0.08,0.105,0.078
50523,36.9,0.074,0.148,0.089,0.09,0.096,0.076,0.076,0.086,0.102,0.076,0.076,0.076,0.107,0.588,0.206,0.163,0.637,0.151,0.149,0.223,0.144,0.515,0.172,0.137,0.107,0.575,0.175,0.14,0.62,0.155,0.147,0.136,0.157,0.483,0.298,0.142,0.111,0.583,0.164,0.15,0.597,0.13,0.147,0.271,0.19,0.479,0.147,0.143,0.11,0.545,0.13,0.143,0.195,0.47,0.128,0.263,0.218,0.156,0.204,0.141,0.107,0.583,0.139,0.124,0.196,0.495,0.142,0.179,0.164,0.146,0.147,0.144,0.103,0.548,0.127,0.121,0.17,0.507,0.149,0.191,0.156,0.154,0.15,0.128,0.077,0.078,0.076,0.079,0.091,0.076,0.081,0.076,0.078,0.079,0.096,0.078
51078,37.0,0.074,0.144,0.09,0.087,0.093,0.076,0.076,0.086,0.075,0.077,0.076,0.076,0.108,0.588,0.206,0.163,0.642,0.151,0.15,0.224,0.144,0.518,0.173,0.136,0.107,0.573,0.175,0.14,0.623,0.155,0.147,0.137,0.156,0.488,0.299,0.14,0.111,0.581,0.164,0.15,0.601,0.13,0.147,0.272,0.191,0.484,0.148,0.143,0.109,0.544,0.13,0.142,0.194,0.475,0.128,0.263,0.218,0.156,0.204,0.14,0.108,0.583,0.14,0.125,0.197,0.498,0.143,0.181,0.164,0.146,0.147,0.146,0.104,0.55,0.127,0.12,0.17,0.51,0.149,0.192,0.157,0.155,0.152,0.132,0.076,0.08,0.077,0.08,0.089,0.077,0.081,0.077,0.078,0.08,0.099,0.077
51633,36.8,0.074,0.153,0.085,0.09,0.087,0.077,0.076,0.083,0.075,0.077,0.076,0.076,0.108,0.59,0.206,0.163,0.646,0.151,0.149,0.225,0.144,0.523,0.174,0.137,0.107,0.575,0.175,0.14,0.626,0.155,0.146,0.137,0.156,0.491,0.3,0.14,0.111,0.582,0.164,0.15,0.603,0.13,0.147,0.275,0.19,0.487,0.148,0.143,0.109,0.543,0.13,0.143,0.195,0.48,0.128,0.266,0.22,0.158,0.205,0.143,0.108,0.584,0.139,0.125,0.196,0.502,0.142,0.18,0.163,0.145,0.148,0.146,0.103,0.551,0.126,0.12,0.169,0.512,0.149,0.192,0.156,0.156,0.154,0.133,0.075,0.081,0.077,0.081,0.091,0.077,0.08,0.077,0.078,0.08,0.1,0.078
52188,37.0,0.074,0.15,0.088,0.091,0.09,0.076,0.076,0.086,0.075,0.076,0.076,0.076,0.107,0.591,0.206,0.163,0.65,0.151,0.149,0.226,0.144,0.527,0.175,0.137,0.107,0.576,0.175,0.141,0.629,0.154,0.146,0.137,0.156,0.496,0.302,0.14,0.111,0.583,0.164,0.15,0.608,0.13,0.147,0.278,0.191,0.493,0.148,0.142,0.109,0.542,0.129,0.143,0.194,0.48,0.127,0.268,0.217,0.154,0.204,0.141,0.109,0.585,0.14,0.126,0.197,0.505,0.142,0.182,0.164,0.145,0.148,0.145,0.103,0.553,0.126,0.121,0.17,0.513,0.149,0.193,0.156,0.156,0.151,0.134,0.075,0.08,0.076,0.08,0.093,0.077,0.08,0.077,0.079,0.081,0.1,0.078
52743,36.8,0.074,0.153,0.087,0.093,0.087,0.076,0.076,0.084,0.075,0.077,0.076,0.077,0.108,0.59,0.206,0.163,0.653,0.151,0.149,0.227,0.145,0.53,0.175,0.137,0.107,0.576,0.175,0.141,0.633,0.155,0.146,0.137,0.156,0.5,0.303,0.14,0.111,0.583,0.164,0.15,0.611,0.13,0.147,0.279,0.191,0.496,0.148,0.142,0.109,0.54,0.129,0.143,0.195,0.483,0.127,0.269,0.218,0.155,0.204,0.14,0.108,0.586,0.138,0.125,0.196,0.511,0.142,0.182,0.164,0.146,0.148,0.147,0.103,0.554,0.127,0.121,0.17,0.514,0.149,0.195,0.155,0.155,0.15,0.133,0.075,0.079,0.076,0.079,0.087,0.078,0.079,0.077,0.079,0.08,0.099,0.078
53299,37.0,0.074,0.159,0.092,0.1,0.092,0.076,0.076,0.087,0.075,0.077,0.076,0.077,0.108,0.592,0.206,0.164,0.656,0.151,0.149,0.228,0.144,0.533,0.176,0.137,0.107,0.577,0.175,0.141,0.637,0.155,0.147,0.138,0.157,0.506,0.305,0.144,0.111,0.585,0.163,0.151,0.616,0.13,0.147,0.282,0.192,0.502,0.149,0.144,0.11,0.538,0.129,0.143,0.195,0.485,0.127,0.271,0.217,0.154,0.204,0.14,0.109,0.586,0.139,0.125,0.197,0.514,0.142,0.182,0.163,0.145,0.148,0.143,0.103,0.559,0.126,0.121,0.17,0.516,0.149,0.195,0.154,0.155,0.15,0.134,0.075,0.078,0.075,0.078,0.093,0.076,0.081,0.076,0.078,0.079,0.1,0.077
53854,36.9,0.075,0.137,0.085,0.093,0.085,0.076,0.076,0.079,0.075,0.077,0.077,0.082,0.107,0.59,0.205,0.163,0.659,0.15,0.149,0.23,0.144,0.533,0.177,0.142,0.107,0.574,0.175,0.141,0.637,0.155,0.147,0.139,0.158,0.512,0.307,0.143,0.111,0.581,0.164,0.151,0.619,0.13,0.146,0.284,0.19,0.5,0.148,0.143,0.11,0.537,0.129,0.143,0.194,0.493,0.128,0.269,0.218,0.158,0.203,0.142,0.108,0.585,0.138,0.125,0.196,0.517,0.142,0.183,0.164,0.145,0.148,0.143,0.103,0.557,0.126,0.121,0.169,0.52,0.149,0.194,0.155,0.156,0.151,0.137,0.075,0.078,0.076,0.078,0.088,0.076,0.078,0.076,0.078,0.079,0.096,0.077
54409,37.0,0.074,0.146,0.094,0.1,0.079,0.076,0.076,0.077,0.075,0.077,0.076,0.077,0.107,0.59,0.205,0.163,0.661,0.151,0.149,0.232,0.144,0.536,0.178,0.139,0.107,0.574,0.175,0.141,0.639,0.154,0.146,0.138,0.156,0.51,0.306,0.143,0.111,0.58,0.164,0.151,0.624,0.13,0.147,0.286,0.191,0.505,0.15,0.144,0.11,0.532,0.129,0.143,0.195,0.49,0.127,0.275,0.218,0.155,0.205,0.141,0.109,0.585,0.137,0.124,0.195,0.522,0.141,0.182,0.163,0.145,0.148,0.143,0.103,0.557,0.126,0.122,0.169,0.517,0.148,0.197,0.154,0.154,0.15,0.136,0.076,0.077,0.075,0.077,0.088,0.076,0.078,0.076,0.078,0.079,0.095,0.078
54964,37.0,0.074,0.158,0.094,0.098,0.078,0.077,0.076,0.076,0.075,0.077,0.076,0.077,0.108,0.589,0.206,0.164,0.665,0.15,0.149,0.232,0.144,0.541,0.178,0.139,0.107,0.578,0.175,0.141,0.64,0.154,0.146,0.139,0.156,0.516,0.31,0.141,0.111,0.578,0.164,0.151,0.626,0.13,0.147,0.286,0.191,0.51,0.149,0.143,0.11,0.532,0.129,0.143,0.194,0.494,0.127,0.276,0.218,0.155,0.205,0.142,0.109,0.584,0.139,0.126,0.197,0.524,0.142,0.183,0.164,0.145,0.149,0.145,0.103,0.562,0.126,0.121,0.168,0.519,0.148,0.197,0.154,0.155,0.151,0.138,0.075,0.081,0.077,0.08,0.088,0.077,0.081,0.077,0.079,0.081,0.101,0.078
55519,37.0,0.074,0.153,0.096,0.097,0.078,0.076,0.076,0.075,0.075,0.077,0.076,0.077,0.108,0.589,0.206,0.164,0.669,0.15,0.149,0.234,0.144,0.541,0.179,0.139,0.107,0.575,0.175,0.141,0.643,0.154,0.146,0.139,0.157,0.519,0.312,0.143,0.111,0.576,0.163,0.151,0.629,0.129,0.146,0.287,0.191,0.513,0.15,0.144,0.11,0.528,0.129,0.143,0.194,0.499,0.127,0.276,0.219,0.157,0.205,0.142,0.11,0.582,0.138,0.125,0.196,0.528,0.142,0.184,0.164,0.145,0.149,0.142,0.103,0.559,0.125,0.121,0.167,0.523,0.148,0.196,0.155,0.157,0.153,0.143,0.076,0.08,0.077,0.08,0.088,0.079,0.081,0.077,0.079,0.082,0.098,0.079
56074,37.0,0.074,0.153,0.094,0.1,0.079,0.077,0.076,0.076,0.075,0.077,0.076,0.076,0.109,0.588,0.207,0.164,0.672,0.151,0.149,0.236,0.144,0.545,0.18,0.138,0.107,0.577,0.175,0.141,0.644,0.154,0.146,0.139,0.157,0.524,0.313,0.144,0.112,0.579,0.164,0.152,0.633,0.13,0.147,0.292,0.191,0.515,0.15,0.144,0.11,0.527,0.128,0.143,0.194,0.501,0.127,0.278,0.218,0.156,0.205,0.142,0.109,0.587,0.138,0.126,0.197,0.531,0.142,0.186,0.165,0.145,0.149,0.147,0.104,0.56,0.126,0.121,0.167,0.521,0.148,0.197,0.154,0.155,0.152,0.139,0.076,0.079,0.076,0.079,0.089,0.077,0.08,0.076,0.078,0.08,0.099,0.077
56630,36.8,0.074,0.157,0.092,0.086,0.078,0.077,0.077,0.076,0.076,0.079,0.077,0.077,0.108,0.586,0.206,0.164,0.675,0.15,0.149,0.236,0.144,0.548,0.181,0.14,0.108,0.579,0.175,0.141,0.647,0.154,0.146,0.14,0.156,0.527,0.315,0.141,0.111,0.577,0.163,0.151,0.636,0.13,0.146,0.291,0.191,0.52,0.151,0.144,0.11,0.528,0.129,0.143,0.194,0.5,0.126,0.28,0.217,0.154,0.205,0.144,0.11,0.586,0.139,0.127,0.197,0.533,0.142,0.186,0.164,0.145,0.149,0.146,0.103,0.562,0.126,0.121,0.167,0.523,0.148,0.199,0.154,0.155,0.153,0.14,0.075,0.08,0.077,0.08,0.087,0.077,0.081,0.077,0.078,0.081,0.101,0.078
57185,36.9,0.074,0.157,0.087,0.091,0.078,0.077,0.076,0.076,0.075,0.077,0.076,0.077,0.108,0.585,0.206,0.164,0.677,0.15,0.148,0.238,0.144,0.549,0.181,0.14,0.108,0.58,0.175,0.141,0.649,0.154,0.147,0.14,0.158,0.532,0.317,0.143,0.112,0.581,0.164,0.152,0.64,0.129,0.146,0.293,0.191,0.52,0.151,0.145,0.11,0.526,0.128,0.143,0.194,0.504,0.127,0.283,0.219,0.155,0.205,0.143,0.11,0.586,0.138,0.126,0.196,0.535,0.142,0.185,0.164,0.145,0.149,0.143,0.103,0.564,0.125,0.121,0.167,0.523,0.148,0.199,0.154,0.155,0.153,0.142,0.075,0.079,0.076,0.079,0.092,0.077,0.078,0.076,0.078,0.08,0.102,0.077
57740,37.1,0.075,0.159,0.093,0.099,0.077,0.077,0.077,0.076,0.076,0.079,0.077,0.079,0.108,0.584,0.206,0.164,0.682,0.15,0.148,0.239,0.144,0.553,0.182,0.14,0.108,0.58,0.175,0.141,0.651,0.154,0.146,0.14,0.157,0.533,0.318,0.141,0.112,0.583,0.164,0.152,0.642,0.13,0.146,0.295,0.191,0.525,0.151,0.144,0.11,0.526,0.128,0.143,0.195,0.509,0.128,0.285,0.22,0.158,0.207,0.142,0.109,0.591,0.138,0.126,0.196,0.541,0.142,0.186,0.165,0.146,0.15,0.149,0.104,0.565,0.125,0.122,0.167,0.524,0.148,0.2,0.153,0.155,0.153,0.14,0.076,0.079,0.076,0.079,0.09,0.076,0.079,0.076,0.078,0.08,0.108,0.078
58295,36.9,0.074,0.159,0.086,0.095,0.077,0.077,0.076,0.076,0.075,0.077,0.076,0.077,0.108,0.585,0.206,0.165,0.685,0.151,0.149,0.242,0.145,0.558,0.183,0.142,0.108,0.582,0.175,0.142,0.653,0.154,0.146,0.141,0.157,0.535,0.321,0.143,0.112,0.589,0.163,0.152,0.646,0.13,0.147,0.298,0.192,0.529,0.152,0.146,0.11,0.525,0.128,0.143,0.194,0.51,0.127,0.285,0.218,0.157,0.206,0.142,0.109,0.592,0.138,0.127,0.197,0.543,0.142,0.186,0.164,0.146,0.149,0.145,0.104,0.563,0.126,0.122,0.168,0.524,0.148,0.202,0.153,0.154,0.153,0.138,0.075,0.08,0.076,0.079,0.089,0.077,0.08,0.077,0.079,0.081,0.108,0.078
58850,36.8,0.074,0.161,0.093,0.086,0.076,0.077,0.077,0.076,0.076,0.078,0.077,0.078,0.109,0.584,0.206,0.165,0.687,0.15,0.148,0.243,0.144,0.557,0.184,0.14,0.108,0.586,0.174,0.141,0.656,0.153,0.146,0.141,0.157,0.54,0.321,0.142,0.112,0.588,0.164,0.153,0.647,0.13,0.146,0.3,0.192,0.53,0.152,0.144,0.111,0.525,0.128,0.143,0.194,0.515,0.128,0.285,0.22,0.158,0.205,0.142,0.109,0.595,0.138,0.127,0.197,0.544,0.142,0.188,0.165,0.145,0.149,0.148,0.104,0.564,0.125,0.122,0.167,0.528,0.148,0.201,0.154,0.155,0.154,0.143,0.075,0.079,0.076,0.079,0.088,0.077,0.078,0.076,0.078,0.08,0.11,0.077
59406,36.8,0.074,0.153,0.095,0.083,0.076,0.077,0.076,0.075,0.075,0.076,0.076,0.076,0.108,0.582,0.206,0.165,0.689,0.15,0.148,0.244,0.144,0.559,0.184,0.14,0.108,0.587,0.175,0.141,0.659,0.154,0.146,0.141,0.157,0.543,0.322,0.142,0.112,0.591,0.164,0.153,0.651,0.13,0.146,0.301,0.191,0.532,0.153,0.144,0.111,0.526,0.128,0.144,0.194,0.513,0.127,0.291,0.219,0.157,0.207,0.145,0.11,0.597,0.139,0.128,0.197,0.546,0.142,0.188,0.164,0.145,0.149,0.146,0.104,0.565,0.125,0.122,0.168,0.529,0.148,0.202,0.154,0.155,0.154,0.142,0.075,0.08,0.077,0.079,0.09,0.077,0.081,0.077,0.078,0.08,0.107,0.077
59961,37.0,0.074,0.159,0.095,0.08,0.076,0.077,0.076,0.076,0.075,0.077,0.076,0.077,0.108,0.58,0.206,0.165,0.692,0.15,0.148,0.245,0.144,0.564,0.186,0.14,0.108,0.59,0.175,0.142,0.662,0.154,0.146,0.142,0.156,0.545,0.325,0.142,0.112,0.593,0.163,0.153,0.653,0.129,0.146,0.302,0.191,0.536,0.153,0.145,0.111,0.525,0.129,0.144,0.195,0.516,0.127,0.29,0.219,0.157,0.206,0.144,0.109,0.6,0.138,0.128,0.197,0.547,0.141,0.188,0.164,0.145,0.149,0.147,0.104,0.565,0.125,0.122,0.168,0.532,0.148,0.203,0.154,0.155,0.154,0.143,0.075,0.081,0.077,0.08,0.087,0.078,0.08,0.077,0.079,0.081,0.103,0.079
60516,37.0,0.074,0.159,0.095,0.076,0.076,0.077,0.076,0.076,0.075,0.077,0.076,0.077,0.108,0.582,0.206,0.165,0.694,0.15,0.148,0.246,0.144,0.565,0.186,0.141,0.108,0.591,0.174,0.142,0.666,0.153,0.146,0.142,0.156,0.549,0.326,0.142,0.112,0.594,0.164,0.154,0.656,0.13,0.146,0.304,0.191,0.538,0.154,0.146,0.111,0.523,0.128,0.144,0.195,0.515,0.127,0.293,0.219,0.155,0.206,0.141,0.109,0.601,0.139,0.128,0.198,0.551,0.142,0.19,0.164,0.145,0.15,0.148,0.104,0.563,0.125,0.122,0.167,0.533,0.147,0.203,0.154,0.155,0.154,0.143,0.075,0.082,0.078,0.08,0.091,0.079,0.08,0.078,0.079,0.082,0.104,0.08
61072,36.8,0.074,0.159,0.102,0.076,0.077,0.077,0.076,0.076,0.075,0.077,0.076,0.076,0.109,0.581,0.207,0.166,0.697,0.15,0.148,0.248,0.144,0.566,0.187,0.141,0.108,0.593,0.174,0.142,0.669,0.153,0.146,0.142,0.157,0.552,0.327,0.143,0.113,0.595,0.164,0.154,0.657,0.13,0.146,0.305,0.191,0.538,0.154,0.145,0.111,0.52,0.128,0.144,0.194,0.522,0.127,0.292,0.219,0.157,0.205,0.143,0.109,0.604,0.137,0.128,0.197,0.553,0.142,0.19,0.164,0.145,0.149,0.149,0.105,0.559,0.126,0.123,0.168,0.535,0.148,0.205,0.154,0.155,0.154,0.139,0.077,0.08,0.077,0.08,0.091,0.078,0.081,0.077,0.078,0.081,0.101,0.078
61627,37.1,0.074,0.164,0.097,0.076,0.077,0.077,0.076,0.076,0.075,0.077,0.076,0.077,0.108,0.583,0.206,0.166,0.699,0.15,0.148,0.249,0.144,0.568,0.188,0.141,0.108,0.596,0.174,0.142,0.67,0.153,0.146,0.143,0.156,0.554,0.329,0.141,0.113,0.597,0.163,0.153,0.659,0.129,0.146,0.307,0.191,0.542,0.154,0.145,0.111,0.52,0.128,0.144,0.194,0.52,0.127,0.294,0.219,0.156,0.206,0.143,0.11,0.602,0.139,0.128,0.197,0.554,0.142,0.19,0.164,0.145,0.149,0.147,0.104,0.559,0.125,0.123,0.168,0.537,0.148,0.205,0.154,0.155,0.154,0.142,0.075,0.079,0.076,0.079,0.086,0.077,0.08,0.077,0.078,0.08,0.101,0.077
62182,36.9,0.074,0.152,0.098,0.075,0.076,0.077,0.076,0.076,0.075,0.077,0.076,0.077,0.108,0.587,0.205,0.165,0.701,0.15,0.148,0.25,0.144,0.572,0.189,0.141,0.108,0.597,0.174,0.142,0.674,0.153,0.146,0.143,0.157,0.557,0.33,0.144,0.113,0.599,0.163,0.154,0.661,0.129,0.145,0.308,0.19,0.544,0.154,0.146,0.111,0.521,0.128,0.144,0.194,0.52,0.127,0.299,0.22,0.156,0.206,0.145,0.11,0.599,0.137,0.128,0.196,0.556,0.141,0.19,0.165,0.146,0.15,0.145,0.105,0.557,0.125,0.123,0.168,0.539,0.148,0.207,0.154,0.155,0.154,0.14,0.075,0.079,0.076,0.079,0.092,0.077,0.078,0.077,0.078,0.08,0.101,0.077
62737,36.9,0.074,0.158,0.097,0.075,0.076,0.077,0.075,0.075,0.075,0.076,0.076,0.076,0.108,0.593,0.206,0.166,0.704,0.15,0.148,0.252,0.144,0.573,0.19,0.142,0.108,0.598,0.175,0.142,0.679,0.153,0.146,0.144,0.157,0.558,0.332,0.144,0.113,0.6,0.163,0.154,0.664,0.129,0.145,0.309,0.19,0.547,0.155,0.147,0.112,0.521,0.128,0.144,0.195,0.524,0.128,0.3,0.221,0.158,0.207,0.145,0.109,0.602,0.137,0.128,0.196,0.558,0.141,0.189,0.164,0.145,0.15,0.145,0.105,0.555,0.125,0.123,0.167,0.542,0.148,0.206,0.154,0.156,0.154,0.145,0.075,0.08,0.077,0.08,0.092,0.077,0.08,0.077,0.078,0.08,0.1,0.077
63292,37.2,0.075,0.165,0.074,0.075,0.076,0.077,0.076,0.075,0.075,0.077,0.076,0.079,0.108,0.598,0.205,0.166,0.707,0.149,0.148,0.253,0.144,0.576,0.191,0.142,0.109,0.598,0.174,0.142,0.682,0.153,0.145,0.144,0.156,0.559,0.333,0.141,0.113,0.601,0.163,0.154,0.666,0.129,0.146,0.313,0.191,0.55,0.155,0.145,0.111,0.52,0.128,0.144,0.194,0.521,0.127,0.302,0.219,0.155,0.207,0.143,0.109,0.599,0.137,0.128,0.196,0.56,0.141,0.19,0.165,0.146,0.15,0.149,0.104,0.557,0.125,0.123,0.168,0.543,0.148,0.208,0.154,0.156,0.154,0.142,0.076,0.079,0.077,0.079,0.09,0.077,0.08,0.077,0.078,0.081,0.098,0.078
63847,36.9,0.074,0.152,0.074,0.075,0.076,0.077,0.076,0.075,0.075,0.077,0.076,0.078,0.109,0.598,0.206,0.166,0.71,0.15,0.148,0.256,0.144,0.577,0.192,0.141,0.109,0.599,0.174,0.142,0.685,0.153,0.145,0.144,0.156,0.56,0.335,0.141,0.113,0.6,0.163,0.154,0.668,0.129,0.146,0.314,0.192,0.554,0.156,0.146,0.112,0.523,0.128,0.145,0.195,0.522,0.126,0.302,0.219,0.155,0.206,0.144,0.11,0.6,0.138,0.129,0.197,0.56,0.141,0.192,0.165,0.145,0.15,0.148,0.105,0.554,0.125,0.123,0.168,0.544,0.148,0.208,0.154,0.155,0.154,0.143,0.076,0.08,0.077,0.079,0.089,0.077,0.08,0.077,0.078,0.081,0.098,0.078
64402,37.0,0.074,0.161,0.075,0.076,0.077,0.078,0.076,0.076,0.075,0.077,0.076,0.076,0.109,0.597,0.206,0.166,0.712,0.15,0.148,0.257,0.144,0.581,0.192,0.141,0.109,0.598,0.175,0.143,0.689,0.153,0.145,0.145,0.156,0.562,0.336,0.141,0.113,0.6,0.163,0.155,0.67,0.129,0.146,0.316,0.191,0.555,0.156,0.146,0.112,0.523,0.128,0.144,0.194,0.521,0.126,0.303,0.218,0.155,0.206,0.144,0.109,0.604,0.136,0.128,0.196,0.564,0.141,0.192,0.165,0.146,0.15,0.151,0.105,0.553,0.125,0.123,0.168,0.545,0.147,0.209,0.154,0.155,0.154,0.143,0.075,0.08,0.076,0.079,0.092,0.077,0.08,0.077,0.079,0.081,0.098,0.079
64958,36.8,0.074,0.157,0.075,0.076,0.077,0.077,0.076,0.076,0.075,0.077,0.076,0.076,0.109,0.595,0.206,0.166,0.714,0.15,0.148,0.259,0.144,0.582,0.193,0.142,0.108,0.598,0.174,0.143,0.693,0.153,0.146,0.145,0.157,0.566,0.339,0.146,0.113,0.598,0.163,0.156,0.672,0.129,0.145,0.316,0.19,0.554,0.156,0.148,0.112,0.527,0.127,0.145,0.194,0.525,0.128,0.307,0.221,0.158,0.207,0.146,0.11,0.601,0.137,0.129,0.196,0.565,0.141,0.191,0.164,0.145,0.15,0.145,0.105,0.552,0.125,0.124,0.168,0.546,0.147,0.21,0.154,0.155,0.154,0.145,0.076,0.079,0.077,0.079,0.093,0.077,0.078,0.076,0.078,0.08,0.099,0.078
65513,36.9,0.074,0.157,0.074,0.075,0.076,0.077,0.076,0.076,0.075,0.077,0.076,0.076,0.109,0.593,0.205,0.166,0.716,0.15,0.148,0.26,0.144,0.584,0.194,0.142,0.109,0.594,0.175,0.143,0.695,0.153,0.145,0.145,0.157,0.566,0.339,0.143,0.114,0.593,0.164,0.156,0.672,0.129,0.145,0.32,0.19,0.554,0.157,0.147,0.113,0.533,0.128,0.145,0.194,0.521,0.126,0.308,0.218,0.154,0.207,0.144,0.11,0.599,0.137,0.129,0.196,0.567,0.141,0.191,0.164,0.145,0.15,0.147,0.106,0.551,0.125,0.124,0.169,0.545,0.147,0.212,0.153,0.153,0.153,0.141,0.077,0.078,0.076,0.078,0.087,0.076,0.08,0.076,0.077,0.08,0.098,0.078
66068,37.0,0.074,0.15,0.075,0.076,0.077,0.077,0.076,0.076,0.075,0.077,0.076,0.076,0.109,0.59,0.206,0.167,0.717,0.149,0.148,0.261,0.144,0.586,0.195,0.142,0.109,0.594,0.174,0.143,0.699,0.153,0.145,0.146,0.157,0.569,0.342,0.142,0.114,0.591,0.163,0.156,0.674,0.13,0.146,0.321,0.191,0.556,0.158,0.147,0.112,0.537,0.127,0.145,0.194,0.527,0.128,0.309,0.22,0.158,0.207,0.144,0.11,0.598,0.138,0.13,0.196,0.566,0.141,0.193,0.164,0.145,0.15,0.148,0.105,0.549,0.125,0.124,0.168,0.547,0.147,0.211,0.154,0.155,0.154,0.143,0.075,0.08,0.077,0.08,0.088,0.078,0.08,0.077,0.078,0.081,0.098,0.078
66623,36.8,0.074,0.158,0.075,0.075,0.076,0.077,0.076,0.076,0.075,0.077,0.076,0.076,0.109,0.591,0.205,0.167,0.72,0.15,0.148,0.263,0.144,0.588,0.196,0.142,0.109,0.591,0.175,0.143,0.7,0.154,0.146,0.147,0.157,0.57,0.343,0.144,0.114,0.591,0.163,0.156,0.676,0.129,0.146,0.323,0.191,0.557,0.158,0.148,0.112,0.538,0.128,0.145,0.196,0.528,0.128,0.313,0.223,0.16,0.208,0.147,0.11,0.593,0.137,0.13,0.196,0.568,0.141,0.193,0.164,0.145,0.15,0.145,0.105,0.546,0.125,0.125,0.17,0.548,0.147,0.214,0.154,0.154,0.154,0.144,0.075,0.08,0.077,0.079,0.09,0.077,0.078,0.077,0.078,0.08,0.083,0.077
67178,37.1,0.074,0.165,0.074,0.075,0.076,0.077,0.076,0.075,0.075,0.076,0.076,0.076,0.109,0.588,0.205,0.167,0.722,0.149,0.148,0.264,0.144,0.589,0.197,0.142,0.109,0.591,0.175,0.143,0.702,0.153,0.145,0.147,0.156,0.57,0.344,0.143,0.114,0.589,0.163,0.157,0.678,0.129,0.145,0.325,0.191,0.56,0.159,0.147,0.113,0.53,0.127,0.145,0.194,0.523,0.126,0.313,0.218,0.155,0.207,0.145,0.109,0.592,0.136,0.129,0.196,0.57,0.141,0.193,0.164,0.146,0.15,0.149,0.105,0.545,0.125,0.124,0.169,0.549,0.147,0.213,0.153,0.154,0.153,0.145,0.076,0.077,0.075,0.077,0.087,0.076,0.08,0.076,0.077,0.079,0.084,0.077
67733,37.0,0.074,0.155,0.074,0.075,0.076,0.077,0.076,0.075,0.075,0.077,0.076,0.077,0.109,0.585,0.205,0.167,0.724,0.149,0.147,0.265,0.144,0.59,0.197,0.142,0.109,0.591,0.174,0.143,0.706,0.153,0.145,0.147,0.157,0.574,0.347,0.144,0.115,0.585,0.163,0.157,0.679,0.129,0.146,0.327,0.191,0.561,0.159,0.149,0.113,0.53,0.127,0.145,0.194,0.522,0.126,0.314,0.218,0.154,0.207,0.144,0.11,0.588,0.137,0.131,0.196,0.569,0.141,0.196,0.165,0.145,0.15,0.151,0.105,0.544,0.125,0.124,0.168,0.55,0.147,0.213,0.154,0.155,0.154,0.146,0.076,0.08,0.077,0.08,0.093,0.078,0.079,0.077,0.078,0.081,0.085,0.078
68289,36.8,0.074,0.154,0.075,0.075,0.077,0.077,0.076,0.076,0.075,0.077,0.076,0.077,0.109,0.582,0.206,0.167,0.725,0.149,0.148,0.268,0.144,0.593,0.199,0.141,0.109,0.591,0.174,0.143,0.709,0.153,0.145,0.148,0.157,0.576,0.348,0.143,0.115,0.582,0.163,0.157,0.68,0.129,0.145,0.329,0.191,0.559,0.16,0.147,0.113,0.525,0.127,0.145,0.193,0.526,0.127,0.314,0.218,0.156,0.206,0.146,0.11,0.586,0.137,0.131,0.196,0.571,0.141,0.195,0.164,0.145,0.15,0.149,0.106,0.543,0.125,0.125,0.169,0.55,0.147,0.215,0.154,0.155,0.154,0.146,0.075,0.08,0.077,0.079,0.09,0.077,0.079,0.077,0.078,0.08,0.085,0.077
68844,36.8,0.074,0.153,0.074,0.075,0.076,0.077,0.076,0.075,0.075,0.077,0.076,0.077,0.108,0.581,0.204,0.167,0.729,0.149,0.148,0.268,0.144,0.598,0.2,0.144,0.11,0.588,0.175,0.144,0.71,0.153,0.146,0.149,0.157,0.575,0.349,0.144,0.114,0.583,0.162,0.157,0.683,0.129,0.146,0.331,0.192,0.566,0.161,0.149,0.113,0.519,0.127,0.146,0.195,0.523,0.126,0.32,0.219,0.155,0.207,0.145,0.11,0.585,0.136,0.13,0.195,0.572,0.141,0.194,0.164,0.145,0.15,0.151,0.107,0.536,0.125,0.125,0.17,0.55,0.147,0.217,0.153,0.153,0.153,0.14,0.076,0.081,0.077,0.08,0.096,0.077,0.08,0.077,0.078,0.08,0.085,0.078
69399,37.0,0.074,0.154,0.075,0.075,0.076,0.077,0.076,0.076,0.075,0.076,0.076,0.077,0.109,0.579,0.205,0.168,0.73,0.149,0.148,0.271,0.144,0.597,0.201,0.143,0.109,0.59,0.174,0.143,0.715,0.152,0.145,0.148,0.156,0.578,0.351,0.145,0.114,0.581,0.163,0.157,0.686,0.128,0.145,0.33,0.19,0.565,0.16,0.149,0.113,0.513,0.127,0.145,0.193,0.526,0.126,0.314,0.216,0.155,0.205,0.147,0.111,0.583,0.138,0.131,0.197,0.572,0.141,0.195,0.164,0.145,0.15,0.147,0.106,0.539,0.125,0.125,0.169,0.553,0.147,0.216,0.154,0.156,0.154,0.147,0.076,0.08,0.077,0.08,0.09,0.078,0.081,0.077,0.078,0.081,0.086,0.078
69955,36.9,0.074,0.157,0.074,0.075,0.076,0.077,0.076,0.075,0.075,0.077,0.076,0.077,0.109,0.576,0.205,0.168,0.732,0.15,0.148,0.272,0.144,0.599,0.202,0.143,0.11,0.586,0.174,0.144,0.715,0.152,0.145,0.149,0.156,0.577,0.353,0.143,0.114,0.577,0.162,0.157,0.685,0.129,0.145,0.333,0.191,0.565,0.161,0.148,0.113,0.509,0.127,0.146,0.194,0.527,0.127,0.318,0.218,0.156,0.206,0.147,0.111,0.581,0.137,0.131,0.196,0.574,0.141,0.196,0.164,0.146,0.15,0.15,0.106,0.538,0.124,0.125,0.169,0.555,0.147,0.217,0.154,0.156,0.154,0.146,0.075,0.08,0.077,0.079,0.09,0.078,0.08,0.077,0.078,0.081,0.087,0.078
70510,37.0,0.073,0.156,0.075,0.075,0.076,0.078,0.076,0.076,0.075,0.077,0.076,0.076,0.11,0.571,0.205,0.168,0.731,0.149,0.147,0.274,0.144,0.599,0.203,0.142,0.109,0.586,0.174,0.144,0.719,0.152,0.145,0.149,0.156,0.58,0.354,0.144,0.115,0.575,0.163,0.158,0.685,0.129,0.145,0.335,0.19,0.562,0.162,0.147,0.114,0.508,0.127,0.146,0.193,0.525,0.126,0.321,0.217,0.154,0.206,0.146,0.111,0.579,0.137,0.132,0.196,0.574,0.141,0.197,0.164,0.145,0.15,0.148,0.107,0.533,0.125,0.125,0.169,0.555,0.147,0.218,0.154,0.155,0.154,0.146,0.075,0.08,0.077,0.08,0.091,0.078,0.079,0.078,0.079,0.082,0.086,0.079
71065,37.1,0.074,0.153,0.075,0.077,0.077,0.078,0.076,0.076,0.075,0.077,0.076,0.076,0.11,0.571,0.206,0.169,0.732,0.15,0.148,0.277,0.144,0.601,0.204,0.141,0.109,0.583,0.174,0.144,0.72,0.152,0.145,0.15,0.157,0.581,0.356,0.144,0.115,0.578,0.163,0.159,0.687,0.129,0.145,0.34,0.191,0.565,0.162,0.149,0.114,0.509,0.127,0.146,0.193,0.526,0.126,0.323,0.217,0.154,0.206,0.148,0.11,0.579,0.137,0.133,0.197,0.575,0.141,0.198,0.164,0.145,0.15,0.15,0.106,0.531,0.125,0.126,0.169,0.557,0.147,0.219,0.154,0.155,0.154,0.146,0.075,0.079,0.076,0.079,0.088,0.077,0.081,0.077,0.078,0.08,0.086,0.077
71620,36.8,0.074,0.152,0.075,0.076,0.077,0.078,0.076,0.076,0.075,0.077,0.076,0.077,0.11,0.569,0.205,0.169,0.733,0.149,0.148,0.277,0.144,0.604,0.205,0.142,0.11,0.578,0.174,0.145,0.72,0.153,0.145,0.151,0.157,0.58,0.358,0.144,0.115,0.577,0.162,0.159,0.688,0.129,0.145,0.339,0.191,0.567,0.163,0.148,0.114,0.505,0.127,0.146,0.193,0.528,0.127,0.325,0.218,0.156,0.206,0.147,0.11,0.576,0.136,0.132,0.195,0.576,0.141,0.198,0.165,0.146,0.15,0.148,0.106,0.531,0.125,0.126,0.169,0.557,0.147,0.22,0.153,0.155,0.154,0.147,0.075,0.08,0.076,0.079,0.093,0.077,0.081,0.077,0.078,0.081,0.089,0.079
72175,36.8,0.074,0.154,0.074,0.075,0.076,0.078,0.076,0.075,0.075,0.077,0.076,0.077,0.11,0.566,0.205,0.169,0.734,0.149,0.147,0.278,0.144,0.603,0.206,0.142,0.11,0.575,0.174,0.144,0.724,0.152,0.145,0.15,0.156,0.581,0.359,0.143,0.116,0.577,0.162,0.159,0.691,0.129,0.145,0.341,0.191,0.566,0.163,0.148,0.114,0.504,0.127,0.147,0.194,0.528,0.127,0.328,0.219,0.157,0.208,0.148,0.111,0.575,0.138,0.134,0.197,0.576,0.141,0.199,0.164,0.145,0.15,0.149,0.107,0.528,0.125,0.126,0.169,0.559,0.147,0.221,0.154,0.156,0.154,0.145,0.075,0.08,0.077,0.079,0.088,0.077,0.08,0.077,0.078,0.08,0.087,0.077
72730,37.2,0.074,0.156,0.074,0.075,0.076,0.078,0.076,0.076,0.075,0.077,0.076,0.076,0.11,0.565,0.205,0.169,0.735,0.149,0.148,0.28,0.144,0.604,0.207,0.143,0.109,0.572,0.173,0.144,0.726,0.153,0.145,0.151,0.156,0.583,0.362,0.144,0.116,0.577,0.163,0.16,0.692,0.129,0.145,0.342,0.19,0.563,0.164,0.149,0.114,0.5,0.127,0.147,0.194,0.529,0.127,0.328,0.219,0.156,0.206,0.146,0.111,0.573,0.137,0.133,0.196,0.577,0.141,0.199,0.164,0.145,0.15,0.148,0.106,0.526,0.125,0.126,0.169,0.561,0.147,0.222,0.154,0.155,0.154,0.146,0.076,0.082,0.078,0.08,0.094,0.078,0.082,0.078,0.079,0.082,0.085,0.079
73286,36.8,0.075,0.163,0.076,0.077,0.078,0.079,0.077,0.077,0.075,0.078,0.076,0.076,0.11,0.562,0.205,0.169,0.736,0.149,0.148,0.282,0.144,0.606,0.208,0.142,0.11,0.57,0.174,0.145,0.724,0.153,0.145,0.151,0.156,0.581,0.362,0.144,0.116,0.578,0.162,0.159,0.693,0.129,0.145,0.343,0.191,0.567,0.164,0.148,0.114,0.495,0.127,0.147,0.193,0.528,0.126,0.328,0.218,0.156,0.205,0.146,0.11,0.572,0.135,0.133,0.195,0.581,0.141,0.199,0.164,0.146,0.15,0.149,0.106,0.522,0.125,0.127,0.169,0.562,0.147,0.223,0.154,0.155,0.154,0.146,0.075,0.079,0.076,0.079,0.088,0.077,0.078,0.077,0.078,0.081,0.084,0.078
73841,36.8,0.074,0.161,0.074,0.076,0.076,0.078,0.076,0.076,0.075,0.078,0.077,0.078,0.11,0.562,0.205,0.17,0.737,0.149,0.147,0.283,0.144,0.605,0.209,0.143,0.11,0.573,0.173,0.145,0.727,0.152,0.145,0.152,0.156,0.583,0.364,0.145,0.116,0.578,0.162,0.16,0.696,0.129,0.145,0.345,0.19,0.563,0.165,0.149,0.114,0.494,0.127,0.147,0.193,0.53,0.127,0.331,0.219,0.157,0.208,0.145,0.111,0.569,0.138,0.134,0.197,0.579,0.141,0.2,0.164,0.145,0.15,0.148,0.107,0.518,0.125,0.127,0.17,0.564,0.147,0.225,0.154,0.155,0.154,0.145,0.076,0.082,0.078,0.08,0.09,0.078,0.081,0.077,0.079,0.082,0.084,0.079
74396,37.1,0.074,0.159,0.074,0.075,0.076,0.078,0.076,0.076,0.075,0.077,0.076,0.078,0.11,0.559,0.205,0.17,0.737,0.15,0.148,0.286,0.144,0.609,0.21,0.142,0.11,0.573,0.173,0.145,0.728,0.152,0.145,0.152,0.156,0.584,0.365,0.145,0.116,0.579,0.163,0.161,0.696,0.129,0.146,0.35,0.192,0.565,0.166,0.149,0.114,0.494,0.127,0.147,0.193,0.53,0.127,0.332,0.219,0.157,0.206,0.147,0.11,0.569,0.136,0.133,0.195,0.584,0.14,0.199,0.164,0.146,0.15,0.149,0.107,0.516,0.124,0.127,0.169,0.565,0.147,0.224,0.154,0.156,0.154,0.144,0.076,0.078,0.076,0.079,0.091,0.076,0.08,0.076,0.078,0.08,0.084,0.077
74951,37.1,0.074,0.153,0.074,0.076,0.076,0.078,0.076,0.076,0.075,0.077,0.076,0.077,0.109,0.559,0.204,0.17,0.738,0.149,0.147,0.287,0.144,0.611,0.211,0.145,0.11,0.573,0.174,0.145,0.73,0.153,0.145,0.153,0.157,0.584,0.367,0.147,0.116,0.58,0.162,0.161,0.7,0.129,0.145,0.348,0.19,0.563,0.166,0.149,0.114,0.494,0.127,0.147,0.194,0.53,0.127,0.337,0.22,0.157,0.208,0.148,0.111,0.566,0.137,0.134,0.196,0.583,0.141,0.2,0.164,0.145,0.15,0.146,0.106,0.515,0.124,0.127,0.169,0.567,0.147,0.225,0.154,0.156,0.154,0.148,0.075,0.079,0.077,0.079,0.089,0.077,0.082,0.077,0.078,0.08,0.084,0.077
75506,36.9,0.075,0.157,0.074,0.075,0.076,0.078,0.076,0.075,0.075,0.078,0.077,0.08,0.11,0.556,0.204,0.17,0.739,0.149,0.147,0.287,0.144,0.612,0.212,0.143,0.11,0.571,0.173,0.145,0.73,0.152,0.145,0.153,0.156,0.585,0.369,0.144,0.116,0.578,0.162,0.161,0.7,0.129,0.145,0.35,0.191,0.563,0.167,0.149,0.115,0.491,0.127,0.148,0.193,0.528,0.126,0.338,0.217,0.154,0.207,0.148,0.112,0.566,0.138,0.135,0.197,0.584,0.141,0.2,0.163,0.145,0.15,0.148,0.106,0.515,0.125,0.128,0.169,0.568,0.147,0.226,0.154,0.156,0.154,0.145,0.075,0.079,0.076,0.079,0.093,0.077,0.079,0.077,0.078,0.08,0.084,0.077
76062,37.0,0.074,0.157,0.074,0.075,0.076,0.078,0.076,0.075,0.075,0.077,0.076,0.077,0.109,0.558,0.204,0.171,0.742,0.15,0.148,0.29,0.144,0.615,0.214,0.144,0.11,0.57,0.174,0.146,0.728,0.153,0.145,0.154,0.156,0.584,0.371,0.145,0.116,0.579,0.162,0.161,0.702,0.129,0.146,0.354,0.191,0.565,0.167,0.15,0.115,0.49,0.127,0.148,0.193,0.532,0.126,0.336,0.217,0.156,0.206,0.148,0.111,0.565,0.137,0.135,0.196,0.584,0.141,0.201,0.164,0.145,0.15,0.15,0.106,0.512,0.125,0.128,0.17,0.568,0.147,0.228,0.154,0.155,0.154,0.145,0.075,0.081,0.077,0.08,0.092,0.077,0.078,0.077,0.079,0.081,0.083,0.079
76617,36.8,0.074,0.159,0.074,0.075,0.076,0.078,0.076,0.076,0.075,0.078,0.076,0.077,0.109,0.557,0.204,0.171,0.743,0.149,0.148,0.291,0.144,0.616,0.215,0.146,0.11,0.57,0.174,0.146,0.732,0.152,0.145,0.154,0.156,0.584,0.371,0.145,0.116,0.577,0.162,0.161,0.703,0.128,0.144,0.352,0.189,0.561,0.168,0.15,0.115,0.495,0.127,0.148,0.193,0.529,0.126,0.34,0.217,0.154,0.207,0.147,0.111,0.562,0.136,0.135,0.195,0.586,0.141,0.201,0.164,0.145,0.15,0.148,0.107,0.51,0.125,0.129,0.17,0.569,0.147,0.23,0.154,0.154,0.153,0.145,0.076,0.077,0.075,0.077,0.091,0.076,0.082,0.076,0.078,0.08,0.083,0.079
77172,36.9,0.074,0.16,0.074,0.075,0.076,0.078,0.076,0.076,0.075,0.077,0.076,0.078,0.11,0.558,0.204,0.171,0.743,0.149,0.148,0.293,0.144,0.617,0.216,0.143,0.11,0.569,0.173,0.146,0.734,0.152,0.145,0.154,0.156,0.587,0.373,0.144,0.116,0.578,0.162,0.162,0.702,0.129,0.145,0.357,0.191,0.561,0.169,0.149,0.115,0.495,0.127,0.148,0.193,0.534,0.127,0.341,0.219,0.157,0.207,0.146,0.111,0.562,0.136,0.136,0.195,0.586,0.141,0.202,0.164,0.145,0.15,0.15,0.106,0.509,0.124,0.128,0.169,0.571,0.147,0.229,0.154,0.156,0.154,0.146,0.076,0.079,0.076,0.079,0.091,0.077,0.079,0.076,0.078,0.08,0.083,0.077
77727,36.9,0.074,0.158,0.075,0.076,0.076,0.078,0.076,0.076,0.075,0.077,0.076,0.076,0.11,0.561,0.204,0.172,0.743,0.149,0.147,0.294,0.144,0.617,0.217,0.145,0.11,0.568,0.173,0.146,0.735,0.152,0.145,0.155,0.156,0.587,0.376,0.146,0.116,0.582,0.162,0.162,0.707,0.129,0.145,0.356,0.19,0.561,0.169,0.151,0.115,0.496,0.127,0.148,0.192,0.534,0.126,0.341,0.217,0.156,0.206,0.149,0.112,0.561,0.137,0.136,0.196,0.587,0.14,0.202,0.163,0.145,0.15,0.15,0.106,0.509,0.124,0.129,0.169,0.574,0.147,0.23,0.154,0.156,0.154,0.146,0.075,0.08,0.077,0.08,0.092,0.078,0.081,0.077,0.078,0.081,0.083,0.078
78283,37.1,0.074,0.16,0.074,0.075,0.076,0.078,0.076,0.076,0.075,0.077,0.076,0.077,0.11,0.564,0.204,0.172,0.744,0.149,0.147,0.296,0.143,0.619,0.218,0.145,0.11,0.564,0.173,0.146,0.734,0.152,0.145,0.156,0.157,0.587,0.376,0.147,0.117,0.584,0.162,0.163,0.708,0.129,0.145,0.359,0.19,0.559,0.17,0.15,0.115,0.496,0.127,0.148,0.193,0.536,0.127,0.343,0.218,0.157,0.207,0.149,0.112,0.557,0.137,0.137,0.196,0.588,0.141,0.204,0.164,0.145,0.15,0.147,0.106,0.507,0.124,0.129,0.169,0.575,0.147,0.231,0.154,0.156,0.154,0.147,0.075,0.079,0.076,0.079,0.092,0.077,0.08,0.077,0.078,0.08,0.083,0.077
78838,36.8,0.074,0.164,0.074,0.076,0.076,0.078,0.076,0.075,0.075,0.076,0.076,0.076,0.11,0.566,0.204,0.172,0.745,0.149,0.147,0.297,0.144,0.619,0.219,0.146,0.11,0.564,0.173,0.147,0.736,0.152,0.145,0.156,0.156,0.586,0.379,0.146,0.116,0.581,0.161,0.162,0.71,0.128,0.145,0.356,0.189,0.561,0.17,0.151,0.115,0.492,0.127,0.148,0.193,0.532,0.126,0.348,0.217,0.155,0.207,0.147,0.112,0.557,0.136,0.136,0.195,0.589,0.14,0.203,0.163,0.145,0.15,0.148,0.106,0.507,0.124,0.129,0.169,0.575,0.147,0.232,0.154,0.155,0.154,0.147,0.075,0.077,0.075,0.078,0.091,0.076,0.081,0.076,0.077,0.08,0.084,0.078
79393,36.8,0.074,0.167,0.075,0.076,0.077,0.078,0.076,0.076,0.075,0.077,0.077,0.077,0.11,0.568,0.204,0.172,0.744,0.149,0.147,0.299,0.144,0.619,0.22,0.145,0.11,0.565,0.173,0.146,0.738,0.152,0.145,0.156,0.156,0.587,0.38,0.145,0.117,0.584,0.162,0.164,0.71,0.129,0.145,0.362,0.19,0.558,0.171,0.149,0.115,0.494,0.127,0.149,0.192,0.537,0.127,0.347,0.219,0.158,0.208,0.146,0.111,0.556,0.137,0.138,0.195,0.59,0.141,0.204,0.164,0.145,0.15,0.148,0.106,0.508,0.125,0.13,0.169,0.577,0.147,0.233,0.155,0.156,0.154,0.148,0.076,0.08,0.077,0.079,0.088,0.078,0.081,0.077,0.078,0.081,0.084,0.078
79948,36.9,0.074,0.152,0.074,0.075,0.076,0.078,0.076,0.076,0.075,0.077,0.076,0.076,0.11,0.571,0.204,0.173,0.746,0.15,0.148,0.302,0.144,0.621,0.222,0.144,0.11,0.565,0.173,0.147,0.738,0.152,0.145,0.157,0.156,0.589,0.38,0.147,0.117,0.588,0.162,0.164,0.713,0.129,0.145,0.363,0.19,0.56,0.171,0.151,0.115,0.499,0.127,0.149,0.194,0.542,0.128,0.352,0.222,0.162,0.207,0.148,0.111,0.556,0.136,0.137,0.195,0.592,0.14,0.204,0.164,0.145,0.15,0.149,0.107,0.509,0.124,0.129,0.169,0.58,0.147,0.234,0.154,0.156,0.154,0.147,0.076,0.079,0.076,0.079,0.091,0.076,0.08,0.077,0.078,0.08,0.083,0.077
80503,36.9,0.074,0.159,0.075,0.077,0.077,0.079,0.076,0.076,0.075,0.077,0.076,0.076,0.11,0.574,0.204,0.173,0.747,0.149,0.147,0.302,0.144,0.622,0.222,0.145,0.11,0.568,0.172,0.147,0.74,0.152,0.145,0.157,0.156,0.589,0.384,0.146,0.116,0.591,0.161,0.164,0.714,0.128,0.144,0.363,0.189,0.559,0.172,0.151,0.116,0.497,0.127,0.149,0.192,0.539,0.126,0.347,0.217,0.156,0.205,0.149,0.112,0.555,0.137,0.139,0.196,0.591,0.141,0.205,0.164,0.145,0.15,0.149,0.106,0.508,0.124,0.13,0.169,0.582,0.147,0.235,0.154,0.157,0.154,0.145,0.077,0.08,0.078,0.08,0.092,0.078,0.079,0.077,0.078,0.081,0.083,0.078
81059,36.9,0.074,0.158,0.074,0.075,0.076,0.078,0.076,0.076,0.075,0.078,0.077,0.078,0.11,0.577,0.204,0.173,0.748,0.149,0.147,0.304,0.143,0.622,0.224,0.145,0.11,0.567,0.173,0.147,0.739,0.152,0.145,0.158,0.156,0.589,0.385,0.146,0.117,0.59,0.161,0.165,0.713,0.129,0.145,0.367,0.19,0.556,0.172,0.151,0.116,0.499,0.127,0.149,0.193,0.542,0.127,0.352,0.219,0.159,0.206,0.15,0.112,0.555,0.137,0.139,0.195,0.593,0.141,0.206,0.164,0.145,0.15,0.147,0.107,0.506,0.124,0.13,0.169,0.584,0.147,0.237,0.155,0.156,0.154,0.147,0.076,0.079,0.076,0.079,0.09,0.077,0.079,0.077,0.078,0.08,0.083,0.078
81614,36.9,0.074,0.161,0.074,0.076,0.076,0.078,0.076,0.076,0.075,0.077,0.076,0.077,0.11,0.573,0.204,0.173,0.749,0.149,0.147,0.305,0.144,0.624,0.225,0.146,0.11,0.568,0.173,0.147,0.74,0.152,0.144,0.158,0.155,0.589,0.387,0.145,0.117,0.59,0.161,0.165,0.714,0.129,0.145,0.368,0.19,0.557,0.173,0.15,0.115,0.5,0.127,0.15,0.193,0.542,0.127,0.354,0.219,0.158,0.205,0.148,0.111,0.554,0.135,0.138,0.194,0.595,0.14,0.205,0.164,0.146,0.151,0.15,0.107,0.506,0.124,0.131,0.17,0.586,0.147,0.239,0.154,0.156,0.154,0.148,0.076,0.079,0.077,0.079,0.089,0.077,0.081,0.077,0.078,0.081,0.084,0.078
82169,37.1,0.074,0.161,0.074,0.075,0.076,0.079,0.076,0.076,0.075,0.077,0.076,0.077,0.11,0.572,0.202,0.173,0.751,0.149,0.147,0.304,0.143,0.625,0.226,0.148,0.11,0.572,0.173,0.148,0.74,0.152,0.145,0.159,0.156,0.589,0.389,0.147,0.117,0.587,0.161,0.165,0.717,0.128,0.145,0.368,0.189,0.556,0.174,0.152,0.116,0.503,0.127,0.15,0.192,0.541,0.126,0.356,0.217,0.156,0.206,0.149,0.111,0.552,0.136,0.139,0.194,0.595,0.14,0.206,0.163,0.145,0.15,0.147,0.107,0.507,0.124,0.131,0.169,0.586,0.147,0.239,0.154,0.155,0.153,0.149,0.076,0.077,0.075,0.077,0.089,0.076,0.08,0.076,0.078,0.08,0.084,0.078
82724,36.8,0.074,0.16,0.074,0.076,0.076,0.079,0.076,0.076,0.075,0.077,0.076,0.076,0.11,0.571,0.203,0.174,0.749,0.149,0.148,0.309,0.144,0.628,0.228,0.145,0.111,0.571,0.173,0.148,0.739,0.153,0.145,0.161,0.156,0.588,0.391,0.146,0.117,0.587,0.161,0.167,0.718,0.129,0.145,0.374,0.191,0.557,0.175,0.151,0.116,0.504,0.127,0.15,0.192,0.545,0.126,0.355,0.217,0.157,0.206,0.148,0.111,0.551,0.136,0.14,0.194,0.595,0.141,0.208,0.164,0.146,0.15,0.151,0.107,0.508,0.124,0.131,0.169,0.588,0.146,0.239,0.154,0.155,0.154,0.148,0.075,0.079,0.076,0.079,0.088,0.077,0.079,0.077,0.078,0.08,0.083,0.078
